node_idx,node_inv,num_fo,lvl,rev_lvl,c1_lvl,c1_fo,c1_inv,c2_lvl,c2_fo,c2_inv
0,0,3,0,255,0.0,0.0,0.0,0.0,0.0,0.0
1,0,2,0,255,0.0,0.0,0.0,0.0,0.0,0.0
2,0,2,0,255,0.0,0.0,0.0,0.0,0.0,0.0
3,0,2,0,255,0.0,0.0,0.0,0.0,0.0,0.0
4,0,2,0,255,0.0,0.0,0.0,0.0,0.0,0.0
5,0,2,0,255,0.0,0.0,0.0,0.0,0.0,0.0
6,0,2,0,255,0.0,0.0,0.0,0.0,0.0,0.0
7,0,2,0,255,0.0,0.0,0.0,0.0,0.0,0.0
8,0,2,0,255,0.0,0.0,0.0,0.0,0.0,0.0
9,0,2,0,255,0.0,0.0,0.0,0.0,0.0,0.0
10,0,2,0,255,0.0,0.0,0.0,0.0,0.0,0.0
11,0,2,0,255,0.0,0.0,0.0,0.0,0.0,0.0
12,0,2,0,255,0.0,0.0,0.0,0.0,0.0,0.0
13,0,2,0,255,0.0,0.0,0.0,0.0,0.0,0.0
14,0,2,0,255,0.0,0.0,0.0,0.0,0.0,0.0
15,0,2,0,255,0.0,0.0,0.0,0.0,0.0,0.0
16,0,2,0,255,0.0,0.0,0.0,0.0,0.0,0.0
17,0,2,0,255,0.0,0.0,0.0,0.0,0.0,0.0
18,0,2,0,255,0.0,0.0,0.0,0.0,0.0,0.0
19,0,2,0,255,0.0,0.0,0.0,0.0,0.0,0.0
20,0,2,0,255,0.0,0.0,0.0,0.0,0.0,0.0
21,0,2,0,255,0.0,0.0,0.0,0.0,0.0,0.0
22,0,2,0,255,0.0,0.0,0.0,0.0,0.0,0.0
23,0,2,0,255,0.0,0.0,0.0,0.0,0.0,0.0
24,0,2,0,255,0.0,0.0,0.0,0.0,0.0,0.0
25,0,2,0,255,0.0,0.0,0.0,0.0,0.0,0.0
26,0,2,0,255,0.0,0.0,0.0,0.0,0.0,0.0
27,0,2,0,255,0.0,0.0,0.0,0.0,0.0,0.0
28,0,2,0,255,0.0,0.0,0.0,0.0,0.0,0.0
29,0,2,0,255,0.0,0.0,0.0,0.0,0.0,0.0
30,0,2,0,255,0.0,0.0,0.0,0.0,0.0,0.0
31,0,2,0,255,0.0,0.0,0.0,0.0,0.0,0.0
32,0,2,0,255,0.0,0.0,0.0,0.0,0.0,0.0
33,0,2,0,255,0.0,0.0,0.0,0.0,0.0,0.0
34,0,2,0,255,0.0,0.0,0.0,0.0,0.0,0.0
35,0,2,0,255,0.0,0.0,0.0,0.0,0.0,0.0
36,0,2,0,255,0.0,0.0,0.0,0.0,0.0,0.0
37,0,2,0,255,0.0,0.0,0.0,0.0,0.0,0.0
38,0,2,0,255,0.0,0.0,0.0,0.0,0.0,0.0
39,0,2,0,255,0.0,0.0,0.0,0.0,0.0,0.0
40,0,2,0,255,0.0,0.0,0.0,0.0,0.0,0.0
41,0,2,0,255,0.0,0.0,0.0,0.0,0.0,0.0
42,0,2,0,255,0.0,0.0,0.0,0.0,0.0,0.0
43,0,2,0,255,0.0,0.0,0.0,0.0,0.0,0.0
44,0,2,0,255,0.0,0.0,0.0,0.0,0.0,0.0
45,0,2,0,255,0.0,0.0,0.0,0.0,0.0,0.0
46,0,2,0,255,0.0,0.0,0.0,0.0,0.0,0.0
47,0,2,0,255,0.0,0.0,0.0,0.0,0.0,0.0
48,0,2,0,255,0.0,0.0,0.0,0.0,0.0,0.0
49,0,2,0,255,0.0,0.0,0.0,0.0,0.0,0.0
50,0,2,0,255,0.0,0.0,0.0,0.0,0.0,0.0
51,0,2,0,255,0.0,0.0,0.0,0.0,0.0,0.0
52,0,2,0,255,0.0,0.0,0.0,0.0,0.0,0.0
53,0,2,0,255,0.0,0.0,0.0,0.0,0.0,0.0
54,0,2,0,255,0.0,0.0,0.0,0.0,0.0,0.0
55,0,2,0,255,0.0,0.0,0.0,0.0,0.0,0.0
56,0,2,0,255,0.0,0.0,0.0,0.0,0.0,0.0
57,0,2,0,255,0.0,0.0,0.0,0.0,0.0,0.0
58,0,2,0,255,0.0,0.0,0.0,0.0,0.0,0.0
59,0,2,0,255,0.0,0.0,0.0,0.0,0.0,0.0
60,0,2,0,255,0.0,0.0,0.0,0.0,0.0,0.0
61,0,2,0,255,0.0,0.0,0.0,0.0,0.0,0.0
62,0,2,0,255,0.0,0.0,0.0,0.0,0.0,0.0
63,0,2,0,255,0.0,0.0,0.0,0.0,0.0,0.0
64,0,2,0,255,0.0,0.0,0.0,0.0,0.0,0.0
65,0,2,0,255,0.0,0.0,0.0,0.0,0.0,0.0
66,0,2,0,255,0.0,0.0,0.0,0.0,0.0,0.0
67,0,2,0,255,0.0,0.0,0.0,0.0,0.0,0.0
68,0,2,0,255,0.0,0.0,0.0,0.0,0.0,0.0
69,0,2,0,255,0.0,0.0,0.0,0.0,0.0,0.0
70,0,2,0,255,0.0,0.0,0.0,0.0,0.0,0.0
71,0,2,0,255,0.0,0.0,0.0,0.0,0.0,0.0
72,0,2,0,255,0.0,0.0,0.0,0.0,0.0,0.0
73,0,2,0,255,0.0,0.0,0.0,0.0,0.0,0.0
74,0,2,0,255,0.0,0.0,0.0,0.0,0.0,0.0
75,0,2,0,255,0.0,0.0,0.0,0.0,0.0,0.0
76,0,2,0,255,0.0,0.0,0.0,0.0,0.0,0.0
77,0,2,0,255,0.0,0.0,0.0,0.0,0.0,0.0
78,0,2,0,255,0.0,0.0,0.0,0.0,0.0,0.0
79,0,2,0,255,0.0,0.0,0.0,0.0,0.0,0.0
80,0,2,0,255,0.0,0.0,0.0,0.0,0.0,0.0
81,0,2,0,255,0.0,0.0,0.0,0.0,0.0,0.0
82,0,2,0,255,0.0,0.0,0.0,0.0,0.0,0.0
83,0,2,0,255,0.0,0.0,0.0,0.0,0.0,0.0
84,0,2,0,255,0.0,0.0,0.0,0.0,0.0,0.0
85,0,2,0,255,0.0,0.0,0.0,0.0,0.0,0.0
86,0,2,0,255,0.0,0.0,0.0,0.0,0.0,0.0
87,0,2,0,255,0.0,0.0,0.0,0.0,0.0,0.0
88,0,2,0,255,0.0,0.0,0.0,0.0,0.0,0.0
89,0,2,0,255,0.0,0.0,0.0,0.0,0.0,0.0
90,0,2,0,255,0.0,0.0,0.0,0.0,0.0,0.0
91,0,2,0,255,0.0,0.0,0.0,0.0,0.0,0.0
92,0,2,0,255,0.0,0.0,0.0,0.0,0.0,0.0
93,0,2,0,255,0.0,0.0,0.0,0.0,0.0,0.0
94,0,2,0,255,0.0,0.0,0.0,0.0,0.0,0.0
95,0,2,0,255,0.0,0.0,0.0,0.0,0.0,0.0
96,0,2,0,255,0.0,0.0,0.0,0.0,0.0,0.0
97,0,2,0,255,0.0,0.0,0.0,0.0,0.0,0.0
98,0,2,0,255,0.0,0.0,0.0,0.0,0.0,0.0
99,0,2,0,255,0.0,0.0,0.0,0.0,0.0,0.0
100,0,2,0,255,0.0,0.0,0.0,0.0,0.0,0.0
101,0,2,0,255,0.0,0.0,0.0,0.0,0.0,0.0
102,0,2,0,255,0.0,0.0,0.0,0.0,0.0,0.0
103,0,2,0,255,0.0,0.0,0.0,0.0,0.0,0.0
104,0,2,0,255,0.0,0.0,0.0,0.0,0.0,0.0
105,0,2,0,255,0.0,0.0,0.0,0.0,0.0,0.0
106,0,2,0,255,0.0,0.0,0.0,0.0,0.0,0.0
107,0,2,0,255,0.0,0.0,0.0,0.0,0.0,0.0
108,0,2,0,255,0.0,0.0,0.0,0.0,0.0,0.0
109,0,2,0,255,0.0,0.0,0.0,0.0,0.0,0.0
110,0,2,0,255,0.0,0.0,0.0,0.0,0.0,0.0
111,0,2,0,255,0.0,0.0,0.0,0.0,0.0,0.0
112,0,2,0,255,0.0,0.0,0.0,0.0,0.0,0.0
113,0,2,0,255,0.0,0.0,0.0,0.0,0.0,0.0
114,0,2,0,255,0.0,0.0,0.0,0.0,0.0,0.0
115,0,2,0,255,0.0,0.0,0.0,0.0,0.0,0.0
116,0,2,0,255,0.0,0.0,0.0,0.0,0.0,0.0
117,0,2,0,255,0.0,0.0,0.0,0.0,0.0,0.0
118,0,2,0,255,0.0,0.0,0.0,0.0,0.0,0.0
119,0,2,0,255,0.0,0.0,0.0,0.0,0.0,0.0
120,0,2,0,255,0.0,0.0,0.0,0.0,0.0,0.0
121,0,2,0,255,0.0,0.0,0.0,0.0,0.0,0.0
122,0,2,0,255,0.0,0.0,0.0,0.0,0.0,0.0
123,0,2,0,255,0.0,0.0,0.0,0.0,0.0,0.0
124,0,2,0,255,0.0,0.0,0.0,0.0,0.0,0.0
125,0,2,0,255,0.0,0.0,0.0,0.0,0.0,0.0
126,0,2,0,255,0.0,0.0,0.0,0.0,0.0,0.0
127,0,2,0,255,0.0,0.0,0.0,0.0,0.0,0.0
128,0,3,0,255,0.0,0.0,0.0,0.0,0.0,0.0
129,0,2,0,255,0.0,0.0,0.0,0.0,0.0,0.0
130,0,2,0,255,0.0,0.0,0.0,0.0,0.0,0.0
131,0,2,0,255,0.0,0.0,0.0,0.0,0.0,0.0
132,0,2,0,255,0.0,0.0,0.0,0.0,0.0,0.0
133,0,2,0,255,0.0,0.0,0.0,0.0,0.0,0.0
134,0,2,0,255,0.0,0.0,0.0,0.0,0.0,0.0
135,0,2,0,255,0.0,0.0,0.0,0.0,0.0,0.0
136,0,2,0,255,0.0,0.0,0.0,0.0,0.0,0.0
137,0,2,0,255,0.0,0.0,0.0,0.0,0.0,0.0
138,0,2,0,255,0.0,0.0,0.0,0.0,0.0,0.0
139,0,2,0,255,0.0,0.0,0.0,0.0,0.0,0.0
140,0,2,0,255,0.0,0.0,0.0,0.0,0.0,0.0
141,0,2,0,255,0.0,0.0,0.0,0.0,0.0,0.0
142,0,2,0,255,0.0,0.0,0.0,0.0,0.0,0.0
143,0,2,0,255,0.0,0.0,0.0,0.0,0.0,0.0
144,0,2,0,255,0.0,0.0,0.0,0.0,0.0,0.0
145,0,2,0,255,0.0,0.0,0.0,0.0,0.0,0.0
146,0,2,0,255,0.0,0.0,0.0,0.0,0.0,0.0
147,0,2,0,255,0.0,0.0,0.0,0.0,0.0,0.0
148,0,2,0,255,0.0,0.0,0.0,0.0,0.0,0.0
149,0,2,0,255,0.0,0.0,0.0,0.0,0.0,0.0
150,0,2,0,255,0.0,0.0,0.0,0.0,0.0,0.0
151,0,2,0,255,0.0,0.0,0.0,0.0,0.0,0.0
152,0,2,0,255,0.0,0.0,0.0,0.0,0.0,0.0
153,0,2,0,255,0.0,0.0,0.0,0.0,0.0,0.0
154,0,2,0,255,0.0,0.0,0.0,0.0,0.0,0.0
155,0,2,0,255,0.0,0.0,0.0,0.0,0.0,0.0
156,0,2,0,255,0.0,0.0,0.0,0.0,0.0,0.0
157,0,2,0,255,0.0,0.0,0.0,0.0,0.0,0.0
158,0,2,0,255,0.0,0.0,0.0,0.0,0.0,0.0
159,0,2,0,255,0.0,0.0,0.0,0.0,0.0,0.0
160,0,2,0,255,0.0,0.0,0.0,0.0,0.0,0.0
161,0,2,0,255,0.0,0.0,0.0,0.0,0.0,0.0
162,0,2,0,255,0.0,0.0,0.0,0.0,0.0,0.0
163,0,2,0,255,0.0,0.0,0.0,0.0,0.0,0.0
164,0,2,0,255,0.0,0.0,0.0,0.0,0.0,0.0
165,0,2,0,255,0.0,0.0,0.0,0.0,0.0,0.0
166,0,2,0,255,0.0,0.0,0.0,0.0,0.0,0.0
167,0,2,0,255,0.0,0.0,0.0,0.0,0.0,0.0
168,0,2,0,255,0.0,0.0,0.0,0.0,0.0,0.0
169,0,2,0,255,0.0,0.0,0.0,0.0,0.0,0.0
170,0,2,0,255,0.0,0.0,0.0,0.0,0.0,0.0
171,0,2,0,255,0.0,0.0,0.0,0.0,0.0,0.0
172,0,2,0,255,0.0,0.0,0.0,0.0,0.0,0.0
173,0,2,0,255,0.0,0.0,0.0,0.0,0.0,0.0
174,0,2,0,255,0.0,0.0,0.0,0.0,0.0,0.0
175,0,2,0,255,0.0,0.0,0.0,0.0,0.0,0.0
176,0,2,0,255,0.0,0.0,0.0,0.0,0.0,0.0
177,0,2,0,255,0.0,0.0,0.0,0.0,0.0,0.0
178,0,2,0,255,0.0,0.0,0.0,0.0,0.0,0.0
179,0,2,0,255,0.0,0.0,0.0,0.0,0.0,0.0
180,0,2,0,255,0.0,0.0,0.0,0.0,0.0,0.0
181,0,2,0,255,0.0,0.0,0.0,0.0,0.0,0.0
182,0,2,0,255,0.0,0.0,0.0,0.0,0.0,0.0
183,0,2,0,255,0.0,0.0,0.0,0.0,0.0,0.0
184,0,2,0,255,0.0,0.0,0.0,0.0,0.0,0.0
185,0,2,0,255,0.0,0.0,0.0,0.0,0.0,0.0
186,0,2,0,255,0.0,0.0,0.0,0.0,0.0,0.0
187,0,2,0,255,0.0,0.0,0.0,0.0,0.0,0.0
188,0,2,0,255,0.0,0.0,0.0,0.0,0.0,0.0
189,0,2,0,255,0.0,0.0,0.0,0.0,0.0,0.0
190,0,2,0,255,0.0,0.0,0.0,0.0,0.0,0.0
191,0,2,0,255,0.0,0.0,0.0,0.0,0.0,0.0
192,0,2,0,255,0.0,0.0,0.0,0.0,0.0,0.0
193,0,2,0,255,0.0,0.0,0.0,0.0,0.0,0.0
194,0,2,0,255,0.0,0.0,0.0,0.0,0.0,0.0
195,0,2,0,255,0.0,0.0,0.0,0.0,0.0,0.0
196,0,2,0,255,0.0,0.0,0.0,0.0,0.0,0.0
197,0,2,0,255,0.0,0.0,0.0,0.0,0.0,0.0
198,0,2,0,255,0.0,0.0,0.0,0.0,0.0,0.0
199,0,2,0,255,0.0,0.0,0.0,0.0,0.0,0.0
200,0,2,0,255,0.0,0.0,0.0,0.0,0.0,0.0
201,0,2,0,255,0.0,0.0,0.0,0.0,0.0,0.0
202,0,2,0,255,0.0,0.0,0.0,0.0,0.0,0.0
203,0,2,0,255,0.0,0.0,0.0,0.0,0.0,0.0
204,0,2,0,255,0.0,0.0,0.0,0.0,0.0,0.0
205,0,2,0,255,0.0,0.0,0.0,0.0,0.0,0.0
206,0,2,0,255,0.0,0.0,0.0,0.0,0.0,0.0
207,0,2,0,255,0.0,0.0,0.0,0.0,0.0,0.0
208,0,2,0,255,0.0,0.0,0.0,0.0,0.0,0.0
209,0,2,0,255,0.0,0.0,0.0,0.0,0.0,0.0
210,0,2,0,255,0.0,0.0,0.0,0.0,0.0,0.0
211,0,2,0,255,0.0,0.0,0.0,0.0,0.0,0.0
212,0,2,0,255,0.0,0.0,0.0,0.0,0.0,0.0
213,0,2,0,255,0.0,0.0,0.0,0.0,0.0,0.0
214,0,2,0,255,0.0,0.0,0.0,0.0,0.0,0.0
215,0,2,0,255,0.0,0.0,0.0,0.0,0.0,0.0
216,0,2,0,255,0.0,0.0,0.0,0.0,0.0,0.0
217,0,2,0,255,0.0,0.0,0.0,0.0,0.0,0.0
218,0,2,0,255,0.0,0.0,0.0,0.0,0.0,0.0
219,0,2,0,255,0.0,0.0,0.0,0.0,0.0,0.0
220,0,2,0,255,0.0,0.0,0.0,0.0,0.0,0.0
221,0,2,0,255,0.0,0.0,0.0,0.0,0.0,0.0
222,0,2,0,255,0.0,0.0,0.0,0.0,0.0,0.0
223,0,2,0,255,0.0,0.0,0.0,0.0,0.0,0.0
224,0,2,0,255,0.0,0.0,0.0,0.0,0.0,0.0
225,0,2,0,255,0.0,0.0,0.0,0.0,0.0,0.0
226,0,2,0,255,0.0,0.0,0.0,0.0,0.0,0.0
227,0,2,0,255,0.0,0.0,0.0,0.0,0.0,0.0
228,0,2,0,255,0.0,0.0,0.0,0.0,0.0,0.0
229,0,2,0,255,0.0,0.0,0.0,0.0,0.0,0.0
230,0,2,0,255,0.0,0.0,0.0,0.0,0.0,0.0
231,0,2,0,255,0.0,0.0,0.0,0.0,0.0,0.0
232,0,2,0,255,0.0,0.0,0.0,0.0,0.0,0.0
233,0,2,0,255,0.0,0.0,0.0,0.0,0.0,0.0
234,0,2,0,255,0.0,0.0,0.0,0.0,0.0,0.0
235,0,2,0,255,0.0,0.0,0.0,0.0,0.0,0.0
236,0,2,0,255,0.0,0.0,0.0,0.0,0.0,0.0
237,0,2,0,255,0.0,0.0,0.0,0.0,0.0,0.0
238,0,2,0,255,0.0,0.0,0.0,0.0,0.0,0.0
239,0,2,0,255,0.0,0.0,0.0,0.0,0.0,0.0
240,0,2,0,255,0.0,0.0,0.0,0.0,0.0,0.0
241,0,2,0,255,0.0,0.0,0.0,0.0,0.0,0.0
242,0,2,0,255,0.0,0.0,0.0,0.0,0.0,0.0
243,0,2,0,255,0.0,0.0,0.0,0.0,0.0,0.0
244,0,2,0,255,0.0,0.0,0.0,0.0,0.0,0.0
245,0,2,0,255,0.0,0.0,0.0,0.0,0.0,0.0
246,0,2,0,255,0.0,0.0,0.0,0.0,0.0,0.0
247,0,2,0,255,0.0,0.0,0.0,0.0,0.0,0.0
248,0,2,0,255,0.0,0.0,0.0,0.0,0.0,0.0
249,0,2,0,255,0.0,0.0,0.0,0.0,0.0,0.0
250,0,2,0,255,0.0,0.0,0.0,0.0,0.0,0.0
251,0,2,0,255,0.0,0.0,0.0,0.0,0.0,0.0
252,0,2,0,255,0.0,0.0,0.0,0.0,0.0,0.0
253,0,2,0,255,0.0,0.0,0.0,0.0,0.0,0.0
254,0,2,0,255,0.0,0.0,0.0,0.0,0.0,0.0
255,0,2,0,255,0.0,0.0,0.0,0.0,0.0,0.0
256,0,1,1,254,0.0,3.0,0.0,0.0,3.0,0.0
257,0,1,1,254,0.0,3.0,0.0,0.0,3.0,0.0
258,1,0,2,253,1.0,1.0,0.0,1.0,1.0,0.0
259,0,3,1,254,0.0,3.0,0.0,0.0,3.0,0.0
260,1,2,1,254,0.0,2.0,0.0,0.0,2.0,0.0
261,0,2,1,254,0.0,2.0,0.0,0.0,2.0,0.0
262,0,2,2,253,1.0,2.0,1.0,1.0,2.0,0.0
263,0,1,3,252,1.0,3.0,0.0,2.0,2.0,0.0
264,0,1,3,252,1.0,3.0,0.0,2.0,2.0,0.0
265,1,0,4,251,3.0,1.0,0.0,3.0,1.0,0.0
266,0,1,2,253,1.0,3.0,0.0,1.0,2.0,1.0
267,1,3,3,252,1.0,2.0,0.0,2.0,1.0,0.0
268,1,2,1,254,0.0,2.0,0.0,0.0,2.0,0.0
269,0,2,1,254,0.0,2.0,0.0,0.0,2.0,0.0
270,0,2,2,253,1.0,2.0,1.0,1.0,2.0,0.0
271,1,1,4,251,3.0,3.0,1.0,2.0,2.0,0.0
272,0,1,4,251,3.0,3.0,1.0,2.0,2.0,0.0
273,0,0,5,250,4.0,1.0,1.0,4.0,1.0,0.0
274,0,1,4,251,3.0,3.0,1.0,1.0,2.0,1.0
275,1,3,5,250,1.0,2.0,0.0,4.0,1.0,0.0
276,1,2,1,254,0.0,2.0,0.0,0.0,2.0,0.0
277,0,2,1,254,0.0,2.0,0.0,0.0,2.0,0.0
278,0,2,2,253,1.0,2.0,1.0,1.0,2.0,0.0
279,1,1,6,249,5.0,3.0,1.0,2.0,2.0,0.0
280,0,1,6,249,5.0,3.0,1.0,2.0,2.0,0.0
281,0,0,7,248,6.0,1.0,1.0,6.0,1.0,0.0
282,0,1,6,249,5.0,3.0,1.0,1.0,2.0,1.0
283,1,3,7,248,1.0,2.0,0.0,6.0,1.0,0.0
284,1,2,1,254,0.0,2.0,0.0,0.0,2.0,0.0
285,0,2,1,254,0.0,2.0,0.0,0.0,2.0,0.0
286,0,2,2,253,1.0,2.0,1.0,1.0,2.0,0.0
287,1,1,8,247,7.0,3.0,1.0,2.0,2.0,0.0
288,0,1,8,247,7.0,3.0,1.0,2.0,2.0,0.0
289,0,0,9,246,8.0,1.0,1.0,8.0,1.0,0.0
290,0,1,8,247,7.0,3.0,1.0,1.0,2.0,1.0
291,1,3,9,246,1.0,2.0,0.0,8.0,1.0,0.0
292,1,2,1,254,0.0,2.0,0.0,0.0,2.0,0.0
293,0,2,1,254,0.0,2.0,0.0,0.0,2.0,0.0
294,0,2,2,253,1.0,2.0,1.0,1.0,2.0,0.0
295,1,1,10,245,9.0,3.0,1.0,2.0,2.0,0.0
296,0,1,10,245,9.0,3.0,1.0,2.0,2.0,0.0
297,0,0,11,244,10.0,1.0,1.0,10.0,1.0,0.0
298,0,1,10,245,9.0,3.0,1.0,1.0,2.0,1.0
299,1,3,11,244,1.0,2.0,0.0,10.0,1.0,0.0
300,1,2,1,254,0.0,2.0,0.0,0.0,2.0,0.0
301,0,2,1,254,0.0,2.0,0.0,0.0,2.0,0.0
302,0,2,2,253,1.0,2.0,1.0,1.0,2.0,0.0
303,1,1,12,243,11.0,3.0,1.0,2.0,2.0,0.0
304,0,1,12,243,11.0,3.0,1.0,2.0,2.0,0.0
305,0,0,13,242,12.0,1.0,1.0,12.0,1.0,0.0
306,0,1,12,243,11.0,3.0,1.0,1.0,2.0,1.0
307,1,3,13,242,1.0,2.0,0.0,12.0,1.0,0.0
308,1,2,1,254,0.0,2.0,0.0,0.0,2.0,0.0
309,0,2,1,254,0.0,2.0,0.0,0.0,2.0,0.0
310,0,2,2,253,1.0,2.0,1.0,1.0,2.0,0.0
311,1,1,14,241,13.0,3.0,1.0,2.0,2.0,0.0
312,0,1,14,241,13.0,3.0,1.0,2.0,2.0,0.0
313,0,0,15,240,14.0,1.0,1.0,14.0,1.0,0.0
314,0,1,14,241,13.0,3.0,1.0,1.0,2.0,1.0
315,1,3,15,240,1.0,2.0,0.0,14.0,1.0,0.0
316,1,2,1,254,0.0,2.0,0.0,0.0,2.0,0.0
317,0,2,1,254,0.0,2.0,0.0,0.0,2.0,0.0
318,0,2,2,253,1.0,2.0,1.0,1.0,2.0,0.0
319,1,1,16,239,15.0,3.0,1.0,2.0,2.0,0.0
320,0,1,16,239,15.0,3.0,1.0,2.0,2.0,0.0
321,0,0,17,238,16.0,1.0,1.0,16.0,1.0,0.0
322,0,1,16,239,15.0,3.0,1.0,1.0,2.0,1.0
323,1,3,17,238,1.0,2.0,0.0,16.0,1.0,0.0
324,1,2,1,254,0.0,2.0,0.0,0.0,2.0,0.0
325,0,2,1,254,0.0,2.0,0.0,0.0,2.0,0.0
326,0,2,2,253,1.0,2.0,1.0,1.0,2.0,0.0
327,1,1,18,237,17.0,3.0,1.0,2.0,2.0,0.0
328,0,1,18,237,17.0,3.0,1.0,2.0,2.0,0.0
329,0,0,19,236,18.0,1.0,1.0,18.0,1.0,0.0
330,0,1,18,237,17.0,3.0,1.0,1.0,2.0,1.0
331,1,3,19,236,1.0,2.0,0.0,18.0,1.0,0.0
332,1,2,1,254,0.0,2.0,0.0,0.0,2.0,0.0
333,0,2,1,254,0.0,2.0,0.0,0.0,2.0,0.0
334,0,2,2,253,1.0,2.0,1.0,1.0,2.0,0.0
335,1,1,20,235,19.0,3.0,1.0,2.0,2.0,0.0
336,0,1,20,235,19.0,3.0,1.0,2.0,2.0,0.0
337,0,0,21,234,20.0,1.0,1.0,20.0,1.0,0.0
338,0,1,20,235,19.0,3.0,1.0,1.0,2.0,1.0
339,1,3,21,234,1.0,2.0,0.0,20.0,1.0,0.0
340,1,2,1,254,0.0,2.0,0.0,0.0,2.0,0.0
341,0,2,1,254,0.0,2.0,0.0,0.0,2.0,0.0
342,0,2,2,253,1.0,2.0,1.0,1.0,2.0,0.0
343,1,1,22,233,21.0,3.0,1.0,2.0,2.0,0.0
344,0,1,22,233,21.0,3.0,1.0,2.0,2.0,0.0
345,0,0,23,232,22.0,1.0,1.0,22.0,1.0,0.0
346,0,1,22,233,21.0,3.0,1.0,1.0,2.0,1.0
347,1,3,23,232,1.0,2.0,0.0,22.0,1.0,0.0
348,1,2,1,254,0.0,2.0,0.0,0.0,2.0,0.0
349,0,2,1,254,0.0,2.0,0.0,0.0,2.0,0.0
350,0,2,2,253,1.0,2.0,1.0,1.0,2.0,0.0
351,1,1,24,231,23.0,3.0,1.0,2.0,2.0,0.0
352,0,1,24,231,23.0,3.0,1.0,2.0,2.0,0.0
353,0,0,25,230,24.0,1.0,1.0,24.0,1.0,0.0
354,0,1,24,231,23.0,3.0,1.0,1.0,2.0,1.0
355,1,3,25,230,1.0,2.0,0.0,24.0,1.0,0.0
356,1,2,1,254,0.0,2.0,0.0,0.0,2.0,0.0
357,0,2,1,254,0.0,2.0,0.0,0.0,2.0,0.0
358,0,2,2,253,1.0,2.0,1.0,1.0,2.0,0.0
359,1,1,26,229,25.0,3.0,1.0,2.0,2.0,0.0
360,0,1,26,229,25.0,3.0,1.0,2.0,2.0,0.0
361,0,0,27,228,26.0,1.0,1.0,26.0,1.0,0.0
362,0,1,26,229,25.0,3.0,1.0,1.0,2.0,1.0
363,1,3,27,228,1.0,2.0,0.0,26.0,1.0,0.0
364,1,2,1,254,0.0,2.0,0.0,0.0,2.0,0.0
365,0,2,1,254,0.0,2.0,0.0,0.0,2.0,0.0
366,0,2,2,253,1.0,2.0,1.0,1.0,2.0,0.0
367,1,1,28,227,27.0,3.0,1.0,2.0,2.0,0.0
368,0,1,28,227,27.0,3.0,1.0,2.0,2.0,0.0
369,0,0,29,226,28.0,1.0,1.0,28.0,1.0,0.0
370,0,1,28,227,27.0,3.0,1.0,1.0,2.0,1.0
371,1,3,29,226,1.0,2.0,0.0,28.0,1.0,0.0
372,1,2,1,254,0.0,2.0,0.0,0.0,2.0,0.0
373,0,2,1,254,0.0,2.0,0.0,0.0,2.0,0.0
374,0,2,2,253,1.0,2.0,1.0,1.0,2.0,0.0
375,1,1,30,225,29.0,3.0,1.0,2.0,2.0,0.0
376,0,1,30,225,29.0,3.0,1.0,2.0,2.0,0.0
377,0,0,31,224,30.0,1.0,1.0,30.0,1.0,0.0
378,0,1,30,225,29.0,3.0,1.0,1.0,2.0,1.0
379,1,3,31,224,1.0,2.0,0.0,30.0,1.0,0.0
380,1,2,1,254,0.0,2.0,0.0,0.0,2.0,0.0
381,0,2,1,254,0.0,2.0,0.0,0.0,2.0,0.0
382,0,2,2,253,1.0,2.0,1.0,1.0,2.0,0.0
383,1,1,32,223,31.0,3.0,1.0,2.0,2.0,0.0
384,0,1,32,223,31.0,3.0,1.0,2.0,2.0,0.0
385,0,0,33,222,32.0,1.0,1.0,32.0,1.0,0.0
386,0,1,32,223,31.0,3.0,1.0,1.0,2.0,1.0
387,1,3,33,222,1.0,2.0,0.0,32.0,1.0,0.0
388,1,2,1,254,0.0,2.0,0.0,0.0,2.0,0.0
389,0,2,1,254,0.0,2.0,0.0,0.0,2.0,0.0
390,0,2,2,253,1.0,2.0,1.0,1.0,2.0,0.0
391,1,1,34,221,33.0,3.0,1.0,2.0,2.0,0.0
392,0,1,34,221,33.0,3.0,1.0,2.0,2.0,0.0
393,0,0,35,220,34.0,1.0,1.0,34.0,1.0,0.0
394,0,1,34,221,33.0,3.0,1.0,1.0,2.0,1.0
395,1,3,35,220,1.0,2.0,0.0,34.0,1.0,0.0
396,1,2,1,254,0.0,2.0,0.0,0.0,2.0,0.0
397,0,2,1,254,0.0,2.0,0.0,0.0,2.0,0.0
398,0,2,2,253,1.0,2.0,1.0,1.0,2.0,0.0
399,1,1,36,219,35.0,3.0,1.0,2.0,2.0,0.0
400,0,1,36,219,35.0,3.0,1.0,2.0,2.0,0.0
401,0,0,37,218,36.0,1.0,1.0,36.0,1.0,0.0
402,0,1,36,219,35.0,3.0,1.0,1.0,2.0,1.0
403,1,3,37,218,1.0,2.0,0.0,36.0,1.0,0.0
404,1,2,1,254,0.0,2.0,0.0,0.0,2.0,0.0
405,0,2,1,254,0.0,2.0,0.0,0.0,2.0,0.0
406,0,2,2,253,1.0,2.0,1.0,1.0,2.0,0.0
407,1,1,38,217,37.0,3.0,1.0,2.0,2.0,0.0
408,0,1,38,217,37.0,3.0,1.0,2.0,2.0,0.0
409,0,0,39,216,38.0,1.0,1.0,38.0,1.0,0.0
410,0,1,38,217,37.0,3.0,1.0,1.0,2.0,1.0
411,1,3,39,216,1.0,2.0,0.0,38.0,1.0,0.0
412,1,2,1,254,0.0,2.0,0.0,0.0,2.0,0.0
413,0,2,1,254,0.0,2.0,0.0,0.0,2.0,0.0
414,0,2,2,253,1.0,2.0,1.0,1.0,2.0,0.0
415,1,1,40,215,39.0,3.0,1.0,2.0,2.0,0.0
416,0,1,40,215,39.0,3.0,1.0,2.0,2.0,0.0
417,0,0,41,214,40.0,1.0,1.0,40.0,1.0,0.0
418,0,1,40,215,39.0,3.0,1.0,1.0,2.0,1.0
419,1,3,41,214,1.0,2.0,0.0,40.0,1.0,0.0
420,1,2,1,254,0.0,2.0,0.0,0.0,2.0,0.0
421,0,2,1,254,0.0,2.0,0.0,0.0,2.0,0.0
422,0,2,2,253,1.0,2.0,1.0,1.0,2.0,0.0
423,1,1,42,213,41.0,3.0,1.0,2.0,2.0,0.0
424,0,1,42,213,41.0,3.0,1.0,2.0,2.0,0.0
425,0,0,43,212,42.0,1.0,1.0,42.0,1.0,0.0
426,0,1,42,213,41.0,3.0,1.0,1.0,2.0,1.0
427,1,3,43,212,1.0,2.0,0.0,42.0,1.0,0.0
428,1,2,1,254,0.0,2.0,0.0,0.0,2.0,0.0
429,0,2,1,254,0.0,2.0,0.0,0.0,2.0,0.0
430,0,2,2,253,1.0,2.0,1.0,1.0,2.0,0.0
431,1,1,44,211,43.0,3.0,1.0,2.0,2.0,0.0
432,0,1,44,211,43.0,3.0,1.0,2.0,2.0,0.0
433,0,0,45,210,44.0,1.0,1.0,44.0,1.0,0.0
434,0,1,44,211,43.0,3.0,1.0,1.0,2.0,1.0
435,1,3,45,210,1.0,2.0,0.0,44.0,1.0,0.0
436,1,2,1,254,0.0,2.0,0.0,0.0,2.0,0.0
437,0,2,1,254,0.0,2.0,0.0,0.0,2.0,0.0
438,0,2,2,253,1.0,2.0,1.0,1.0,2.0,0.0
439,1,1,46,209,45.0,3.0,1.0,2.0,2.0,0.0
440,0,1,46,209,45.0,3.0,1.0,2.0,2.0,0.0
441,0,0,47,208,46.0,1.0,1.0,46.0,1.0,0.0
442,0,1,46,209,45.0,3.0,1.0,1.0,2.0,1.0
443,1,3,47,208,1.0,2.0,0.0,46.0,1.0,0.0
444,1,2,1,254,0.0,2.0,0.0,0.0,2.0,0.0
445,0,2,1,254,0.0,2.0,0.0,0.0,2.0,0.0
446,0,2,2,253,1.0,2.0,1.0,1.0,2.0,0.0
447,1,1,48,207,47.0,3.0,1.0,2.0,2.0,0.0
448,0,1,48,207,47.0,3.0,1.0,2.0,2.0,0.0
449,0,0,49,206,48.0,1.0,1.0,48.0,1.0,0.0
450,0,1,48,207,47.0,3.0,1.0,1.0,2.0,1.0
451,1,3,49,206,1.0,2.0,0.0,48.0,1.0,0.0
452,1,2,1,254,0.0,2.0,0.0,0.0,2.0,0.0
453,0,2,1,254,0.0,2.0,0.0,0.0,2.0,0.0
454,0,2,2,253,1.0,2.0,1.0,1.0,2.0,0.0
455,1,1,50,205,49.0,3.0,1.0,2.0,2.0,0.0
456,0,1,50,205,49.0,3.0,1.0,2.0,2.0,0.0
457,0,0,51,204,50.0,1.0,1.0,50.0,1.0,0.0
458,0,1,50,205,49.0,3.0,1.0,1.0,2.0,1.0
459,1,3,51,204,1.0,2.0,0.0,50.0,1.0,0.0
460,1,2,1,254,0.0,2.0,0.0,0.0,2.0,0.0
461,0,2,1,254,0.0,2.0,0.0,0.0,2.0,0.0
462,0,2,2,253,1.0,2.0,1.0,1.0,2.0,0.0
463,1,1,52,203,51.0,3.0,1.0,2.0,2.0,0.0
464,0,1,52,203,51.0,3.0,1.0,2.0,2.0,0.0
465,0,0,53,202,52.0,1.0,1.0,52.0,1.0,0.0
466,0,1,52,203,51.0,3.0,1.0,1.0,2.0,1.0
467,1,3,53,202,1.0,2.0,0.0,52.0,1.0,0.0
468,1,2,1,254,0.0,2.0,0.0,0.0,2.0,0.0
469,0,2,1,254,0.0,2.0,0.0,0.0,2.0,0.0
470,0,2,2,253,1.0,2.0,1.0,1.0,2.0,0.0
471,1,1,54,201,53.0,3.0,1.0,2.0,2.0,0.0
472,0,1,54,201,53.0,3.0,1.0,2.0,2.0,0.0
473,0,0,55,200,54.0,1.0,1.0,54.0,1.0,0.0
474,0,1,54,201,53.0,3.0,1.0,1.0,2.0,1.0
475,1,3,55,200,1.0,2.0,0.0,54.0,1.0,0.0
476,1,2,1,254,0.0,2.0,0.0,0.0,2.0,0.0
477,0,2,1,254,0.0,2.0,0.0,0.0,2.0,0.0
478,0,2,2,253,1.0,2.0,1.0,1.0,2.0,0.0
479,1,1,56,199,55.0,3.0,1.0,2.0,2.0,0.0
480,0,1,56,199,55.0,3.0,1.0,2.0,2.0,0.0
481,0,0,57,198,56.0,1.0,1.0,56.0,1.0,0.0
482,0,1,56,199,55.0,3.0,1.0,1.0,2.0,1.0
483,1,3,57,198,1.0,2.0,0.0,56.0,1.0,0.0
484,1,2,1,254,0.0,2.0,0.0,0.0,2.0,0.0
485,0,2,1,254,0.0,2.0,0.0,0.0,2.0,0.0
486,0,2,2,253,1.0,2.0,1.0,1.0,2.0,0.0
487,1,1,58,197,57.0,3.0,1.0,2.0,2.0,0.0
488,0,1,58,197,57.0,3.0,1.0,2.0,2.0,0.0
489,0,0,59,196,58.0,1.0,1.0,58.0,1.0,0.0
490,0,1,58,197,57.0,3.0,1.0,1.0,2.0,1.0
491,1,3,59,196,1.0,2.0,0.0,58.0,1.0,0.0
492,1,2,1,254,0.0,2.0,0.0,0.0,2.0,0.0
493,0,2,1,254,0.0,2.0,0.0,0.0,2.0,0.0
494,0,2,2,253,1.0,2.0,1.0,1.0,2.0,0.0
495,1,1,60,195,59.0,3.0,1.0,2.0,2.0,0.0
496,0,1,60,195,59.0,3.0,1.0,2.0,2.0,0.0
497,0,0,61,194,60.0,1.0,1.0,60.0,1.0,0.0
498,0,1,60,195,59.0,3.0,1.0,1.0,2.0,1.0
499,1,3,61,194,1.0,2.0,0.0,60.0,1.0,0.0
500,1,2,1,254,0.0,2.0,0.0,0.0,2.0,0.0
501,0,2,1,254,0.0,2.0,0.0,0.0,2.0,0.0
502,0,2,2,253,1.0,2.0,1.0,1.0,2.0,0.0
503,1,1,62,193,61.0,3.0,1.0,2.0,2.0,0.0
504,0,1,62,193,61.0,3.0,1.0,2.0,2.0,0.0
505,0,0,63,192,62.0,1.0,1.0,62.0,1.0,0.0
506,0,1,62,193,61.0,3.0,1.0,1.0,2.0,1.0
507,1,3,63,192,1.0,2.0,0.0,62.0,1.0,0.0
508,1,2,1,254,0.0,2.0,0.0,0.0,2.0,0.0
509,0,2,1,254,0.0,2.0,0.0,0.0,2.0,0.0
510,0,2,2,253,1.0,2.0,1.0,1.0,2.0,0.0
511,1,1,64,191,63.0,3.0,1.0,2.0,2.0,0.0
512,0,1,64,191,63.0,3.0,1.0,2.0,2.0,0.0
513,0,0,65,190,64.0,1.0,1.0,64.0,1.0,0.0
514,0,1,64,191,63.0,3.0,1.0,1.0,2.0,1.0
515,1,3,65,190,1.0,2.0,0.0,64.0,1.0,0.0
516,1,2,1,254,0.0,2.0,0.0,0.0,2.0,0.0
517,0,2,1,254,0.0,2.0,0.0,0.0,2.0,0.0
518,0,2,2,253,1.0,2.0,1.0,1.0,2.0,0.0
519,1,1,66,189,65.0,3.0,1.0,2.0,2.0,0.0
520,0,1,66,189,65.0,3.0,1.0,2.0,2.0,0.0
521,0,0,67,188,66.0,1.0,1.0,66.0,1.0,0.0
522,0,1,66,189,65.0,3.0,1.0,1.0,2.0,1.0
523,1,3,67,188,1.0,2.0,0.0,66.0,1.0,0.0
524,1,2,1,254,0.0,2.0,0.0,0.0,2.0,0.0
525,0,2,1,254,0.0,2.0,0.0,0.0,2.0,0.0
526,0,2,2,253,1.0,2.0,1.0,1.0,2.0,0.0
527,1,1,68,187,67.0,3.0,1.0,2.0,2.0,0.0
528,0,1,68,187,67.0,3.0,1.0,2.0,2.0,0.0
529,0,0,69,186,68.0,1.0,1.0,68.0,1.0,0.0
530,0,1,68,187,67.0,3.0,1.0,1.0,2.0,1.0
531,1,3,69,186,1.0,2.0,0.0,68.0,1.0,0.0
532,1,2,1,254,0.0,2.0,0.0,0.0,2.0,0.0
533,0,2,1,254,0.0,2.0,0.0,0.0,2.0,0.0
534,0,2,2,253,1.0,2.0,1.0,1.0,2.0,0.0
535,1,1,70,185,69.0,3.0,1.0,2.0,2.0,0.0
536,0,1,70,185,69.0,3.0,1.0,2.0,2.0,0.0
537,0,0,71,184,70.0,1.0,1.0,70.0,1.0,0.0
538,0,1,70,185,69.0,3.0,1.0,1.0,2.0,1.0
539,1,3,71,184,1.0,2.0,0.0,70.0,1.0,0.0
540,1,2,1,254,0.0,2.0,0.0,0.0,2.0,0.0
541,0,2,1,254,0.0,2.0,0.0,0.0,2.0,0.0
542,0,2,2,253,1.0,2.0,1.0,1.0,2.0,0.0
543,1,1,72,183,71.0,3.0,1.0,2.0,2.0,0.0
544,0,1,72,183,71.0,3.0,1.0,2.0,2.0,0.0
545,0,0,73,182,72.0,1.0,1.0,72.0,1.0,0.0
546,0,1,72,183,71.0,3.0,1.0,1.0,2.0,1.0
547,1,3,73,182,1.0,2.0,0.0,72.0,1.0,0.0
548,1,2,1,254,0.0,2.0,0.0,0.0,2.0,0.0
549,0,2,1,254,0.0,2.0,0.0,0.0,2.0,0.0
550,0,2,2,253,1.0,2.0,1.0,1.0,2.0,0.0
551,1,1,74,181,73.0,3.0,1.0,2.0,2.0,0.0
552,0,1,74,181,73.0,3.0,1.0,2.0,2.0,0.0
553,0,0,75,180,74.0,1.0,1.0,74.0,1.0,0.0
554,0,1,74,181,73.0,3.0,1.0,1.0,2.0,1.0
555,1,3,75,180,1.0,2.0,0.0,74.0,1.0,0.0
556,1,2,1,254,0.0,2.0,0.0,0.0,2.0,0.0
557,0,2,1,254,0.0,2.0,0.0,0.0,2.0,0.0
558,0,2,2,253,1.0,2.0,1.0,1.0,2.0,0.0
559,1,1,76,179,75.0,3.0,1.0,2.0,2.0,0.0
560,0,1,76,179,75.0,3.0,1.0,2.0,2.0,0.0
561,0,0,77,178,76.0,1.0,1.0,76.0,1.0,0.0
562,0,1,76,179,75.0,3.0,1.0,1.0,2.0,1.0
563,1,3,77,178,1.0,2.0,0.0,76.0,1.0,0.0
564,1,2,1,254,0.0,2.0,0.0,0.0,2.0,0.0
565,0,2,1,254,0.0,2.0,0.0,0.0,2.0,0.0
566,0,2,2,253,1.0,2.0,1.0,1.0,2.0,0.0
567,1,1,78,177,77.0,3.0,1.0,2.0,2.0,0.0
568,0,1,78,177,77.0,3.0,1.0,2.0,2.0,0.0
569,0,0,79,176,78.0,1.0,1.0,78.0,1.0,0.0
570,0,1,78,177,77.0,3.0,1.0,1.0,2.0,1.0
571,1,3,79,176,1.0,2.0,0.0,78.0,1.0,0.0
572,1,2,1,254,0.0,2.0,0.0,0.0,2.0,0.0
573,0,2,1,254,0.0,2.0,0.0,0.0,2.0,0.0
574,0,2,2,253,1.0,2.0,1.0,1.0,2.0,0.0
575,1,1,80,175,79.0,3.0,1.0,2.0,2.0,0.0
576,0,1,80,175,79.0,3.0,1.0,2.0,2.0,0.0
577,0,0,81,174,80.0,1.0,1.0,80.0,1.0,0.0
578,0,1,80,175,79.0,3.0,1.0,1.0,2.0,1.0
579,1,3,81,174,1.0,2.0,0.0,80.0,1.0,0.0
580,1,2,1,254,0.0,2.0,0.0,0.0,2.0,0.0
581,0,2,1,254,0.0,2.0,0.0,0.0,2.0,0.0
582,0,2,2,253,1.0,2.0,1.0,1.0,2.0,0.0
583,1,1,82,173,81.0,3.0,1.0,2.0,2.0,0.0
584,0,1,82,173,81.0,3.0,1.0,2.0,2.0,0.0
585,0,0,83,172,82.0,1.0,1.0,82.0,1.0,0.0
586,0,1,82,173,81.0,3.0,1.0,1.0,2.0,1.0
587,1,3,83,172,1.0,2.0,0.0,82.0,1.0,0.0
588,1,2,1,254,0.0,2.0,0.0,0.0,2.0,0.0
589,0,2,1,254,0.0,2.0,0.0,0.0,2.0,0.0
590,0,2,2,253,1.0,2.0,1.0,1.0,2.0,0.0
591,1,1,84,171,83.0,3.0,1.0,2.0,2.0,0.0
592,0,1,84,171,83.0,3.0,1.0,2.0,2.0,0.0
593,0,0,85,170,84.0,1.0,1.0,84.0,1.0,0.0
594,0,1,84,171,83.0,3.0,1.0,1.0,2.0,1.0
595,1,3,85,170,1.0,2.0,0.0,84.0,1.0,0.0
596,1,2,1,254,0.0,2.0,0.0,0.0,2.0,0.0
597,0,2,1,254,0.0,2.0,0.0,0.0,2.0,0.0
598,0,2,2,253,1.0,2.0,1.0,1.0,2.0,0.0
599,1,1,86,169,85.0,3.0,1.0,2.0,2.0,0.0
600,0,1,86,169,85.0,3.0,1.0,2.0,2.0,0.0
601,0,0,87,168,86.0,1.0,1.0,86.0,1.0,0.0
602,0,1,86,169,85.0,3.0,1.0,1.0,2.0,1.0
603,1,3,87,168,1.0,2.0,0.0,86.0,1.0,0.0
604,1,2,1,254,0.0,2.0,0.0,0.0,2.0,0.0
605,0,2,1,254,0.0,2.0,0.0,0.0,2.0,0.0
606,0,2,2,253,1.0,2.0,1.0,1.0,2.0,0.0
607,1,1,88,167,87.0,3.0,1.0,2.0,2.0,0.0
608,0,1,88,167,87.0,3.0,1.0,2.0,2.0,0.0
609,0,0,89,166,88.0,1.0,1.0,88.0,1.0,0.0
610,0,1,88,167,87.0,3.0,1.0,1.0,2.0,1.0
611,1,3,89,166,1.0,2.0,0.0,88.0,1.0,0.0
612,1,2,1,254,0.0,2.0,0.0,0.0,2.0,0.0
613,0,2,1,254,0.0,2.0,0.0,0.0,2.0,0.0
614,0,2,2,253,1.0,2.0,1.0,1.0,2.0,0.0
615,1,1,90,165,89.0,3.0,1.0,2.0,2.0,0.0
616,0,1,90,165,89.0,3.0,1.0,2.0,2.0,0.0
617,0,0,91,164,90.0,1.0,1.0,90.0,1.0,0.0
618,0,1,90,165,89.0,3.0,1.0,1.0,2.0,1.0
619,1,3,91,164,1.0,2.0,0.0,90.0,1.0,0.0
620,1,2,1,254,0.0,2.0,0.0,0.0,2.0,0.0
621,0,2,1,254,0.0,2.0,0.0,0.0,2.0,0.0
622,0,2,2,253,1.0,2.0,1.0,1.0,2.0,0.0
623,1,1,92,163,91.0,3.0,1.0,2.0,2.0,0.0
624,0,1,92,163,91.0,3.0,1.0,2.0,2.0,0.0
625,0,0,93,162,92.0,1.0,1.0,92.0,1.0,0.0
626,0,1,92,163,91.0,3.0,1.0,1.0,2.0,1.0
627,1,3,93,162,1.0,2.0,0.0,92.0,1.0,0.0
628,1,2,1,254,0.0,2.0,0.0,0.0,2.0,0.0
629,0,2,1,254,0.0,2.0,0.0,0.0,2.0,0.0
630,0,2,2,253,1.0,2.0,1.0,1.0,2.0,0.0
631,1,1,94,161,93.0,3.0,1.0,2.0,2.0,0.0
632,0,1,94,161,93.0,3.0,1.0,2.0,2.0,0.0
633,0,0,95,160,94.0,1.0,1.0,94.0,1.0,0.0
634,0,1,94,161,93.0,3.0,1.0,1.0,2.0,1.0
635,1,3,95,160,1.0,2.0,0.0,94.0,1.0,0.0
636,1,2,1,254,0.0,2.0,0.0,0.0,2.0,0.0
637,0,2,1,254,0.0,2.0,0.0,0.0,2.0,0.0
638,0,2,2,253,1.0,2.0,1.0,1.0,2.0,0.0
639,1,1,96,159,95.0,3.0,1.0,2.0,2.0,0.0
640,0,1,96,159,95.0,3.0,1.0,2.0,2.0,0.0
641,0,0,97,158,96.0,1.0,1.0,96.0,1.0,0.0
642,0,1,96,159,95.0,3.0,1.0,1.0,2.0,1.0
643,1,3,97,158,1.0,2.0,0.0,96.0,1.0,0.0
644,1,2,1,254,0.0,2.0,0.0,0.0,2.0,0.0
645,0,2,1,254,0.0,2.0,0.0,0.0,2.0,0.0
646,0,2,2,253,1.0,2.0,1.0,1.0,2.0,0.0
647,1,1,98,157,97.0,3.0,1.0,2.0,2.0,0.0
648,0,1,98,157,97.0,3.0,1.0,2.0,2.0,0.0
649,0,0,99,156,98.0,1.0,1.0,98.0,1.0,0.0
650,0,1,98,157,97.0,3.0,1.0,1.0,2.0,1.0
651,1,3,99,156,1.0,2.0,0.0,98.0,1.0,0.0
652,1,2,1,254,0.0,2.0,0.0,0.0,2.0,0.0
653,0,2,1,254,0.0,2.0,0.0,0.0,2.0,0.0
654,0,2,2,253,1.0,2.0,1.0,1.0,2.0,0.0
655,1,1,100,155,99.0,3.0,1.0,2.0,2.0,0.0
656,0,1,100,155,99.0,3.0,1.0,2.0,2.0,0.0
657,0,0,101,154,100.0,1.0,1.0,100.0,1.0,0.0
658,0,1,100,155,99.0,3.0,1.0,1.0,2.0,1.0
659,1,3,101,154,1.0,2.0,0.0,100.0,1.0,0.0
660,1,2,1,254,0.0,2.0,0.0,0.0,2.0,0.0
661,0,2,1,254,0.0,2.0,0.0,0.0,2.0,0.0
662,0,2,2,253,1.0,2.0,1.0,1.0,2.0,0.0
663,1,1,102,153,101.0,3.0,1.0,2.0,2.0,0.0
664,0,1,102,153,101.0,3.0,1.0,2.0,2.0,0.0
665,0,0,103,152,102.0,1.0,1.0,102.0,1.0,0.0
666,0,1,102,153,101.0,3.0,1.0,1.0,2.0,1.0
667,1,3,103,152,1.0,2.0,0.0,102.0,1.0,0.0
668,1,2,1,254,0.0,2.0,0.0,0.0,2.0,0.0
669,0,2,1,254,0.0,2.0,0.0,0.0,2.0,0.0
670,0,2,2,253,1.0,2.0,1.0,1.0,2.0,0.0
671,1,1,104,151,103.0,3.0,1.0,2.0,2.0,0.0
672,0,1,104,151,103.0,3.0,1.0,2.0,2.0,0.0
673,0,0,105,150,104.0,1.0,1.0,104.0,1.0,0.0
674,0,1,104,151,103.0,3.0,1.0,1.0,2.0,1.0
675,1,3,105,150,1.0,2.0,0.0,104.0,1.0,0.0
676,1,2,1,254,0.0,2.0,0.0,0.0,2.0,0.0
677,0,2,1,254,0.0,2.0,0.0,0.0,2.0,0.0
678,0,2,2,253,1.0,2.0,1.0,1.0,2.0,0.0
679,1,1,106,149,105.0,3.0,1.0,2.0,2.0,0.0
680,0,1,106,149,105.0,3.0,1.0,2.0,2.0,0.0
681,0,0,107,148,106.0,1.0,1.0,106.0,1.0,0.0
682,0,1,106,149,105.0,3.0,1.0,1.0,2.0,1.0
683,1,3,107,148,1.0,2.0,0.0,106.0,1.0,0.0
684,1,2,1,254,0.0,2.0,0.0,0.0,2.0,0.0
685,0,2,1,254,0.0,2.0,0.0,0.0,2.0,0.0
686,0,2,2,253,1.0,2.0,1.0,1.0,2.0,0.0
687,1,1,108,147,107.0,3.0,1.0,2.0,2.0,0.0
688,0,1,108,147,107.0,3.0,1.0,2.0,2.0,0.0
689,0,0,109,146,108.0,1.0,1.0,108.0,1.0,0.0
690,0,1,108,147,107.0,3.0,1.0,1.0,2.0,1.0
691,1,3,109,146,1.0,2.0,0.0,108.0,1.0,0.0
692,1,2,1,254,0.0,2.0,0.0,0.0,2.0,0.0
693,0,2,1,254,0.0,2.0,0.0,0.0,2.0,0.0
694,0,2,2,253,1.0,2.0,1.0,1.0,2.0,0.0
695,1,1,110,145,109.0,3.0,1.0,2.0,2.0,0.0
696,0,1,110,145,109.0,3.0,1.0,2.0,2.0,0.0
697,0,0,111,144,110.0,1.0,1.0,110.0,1.0,0.0
698,0,1,110,145,109.0,3.0,1.0,1.0,2.0,1.0
699,1,3,111,144,1.0,2.0,0.0,110.0,1.0,0.0
700,1,2,1,254,0.0,2.0,0.0,0.0,2.0,0.0
701,0,2,1,254,0.0,2.0,0.0,0.0,2.0,0.0
702,0,2,2,253,1.0,2.0,1.0,1.0,2.0,0.0
703,1,1,112,143,111.0,3.0,1.0,2.0,2.0,0.0
704,0,1,112,143,111.0,3.0,1.0,2.0,2.0,0.0
705,0,0,113,142,112.0,1.0,1.0,112.0,1.0,0.0
706,0,1,112,143,111.0,3.0,1.0,1.0,2.0,1.0
707,1,3,113,142,1.0,2.0,0.0,112.0,1.0,0.0
708,1,2,1,254,0.0,2.0,0.0,0.0,2.0,0.0
709,0,2,1,254,0.0,2.0,0.0,0.0,2.0,0.0
710,0,2,2,253,1.0,2.0,1.0,1.0,2.0,0.0
711,1,1,114,141,113.0,3.0,1.0,2.0,2.0,0.0
712,0,1,114,141,113.0,3.0,1.0,2.0,2.0,0.0
713,0,0,115,140,114.0,1.0,1.0,114.0,1.0,0.0
714,0,1,114,141,113.0,3.0,1.0,1.0,2.0,1.0
715,1,3,115,140,1.0,2.0,0.0,114.0,1.0,0.0
716,1,2,1,254,0.0,2.0,0.0,0.0,2.0,0.0
717,0,2,1,254,0.0,2.0,0.0,0.0,2.0,0.0
718,0,2,2,253,1.0,2.0,1.0,1.0,2.0,0.0
719,1,1,116,139,115.0,3.0,1.0,2.0,2.0,0.0
720,0,1,116,139,115.0,3.0,1.0,2.0,2.0,0.0
721,0,0,117,138,116.0,1.0,1.0,116.0,1.0,0.0
722,0,1,116,139,115.0,3.0,1.0,1.0,2.0,1.0
723,1,3,117,138,1.0,2.0,0.0,116.0,1.0,0.0
724,1,2,1,254,0.0,2.0,0.0,0.0,2.0,0.0
725,0,2,1,254,0.0,2.0,0.0,0.0,2.0,0.0
726,0,2,2,253,1.0,2.0,1.0,1.0,2.0,0.0
727,1,1,118,137,117.0,3.0,1.0,2.0,2.0,0.0
728,0,1,118,137,117.0,3.0,1.0,2.0,2.0,0.0
729,0,0,119,136,118.0,1.0,1.0,118.0,1.0,0.0
730,0,1,118,137,117.0,3.0,1.0,1.0,2.0,1.0
731,1,3,119,136,1.0,2.0,0.0,118.0,1.0,0.0
732,1,2,1,254,0.0,2.0,0.0,0.0,2.0,0.0
733,0,2,1,254,0.0,2.0,0.0,0.0,2.0,0.0
734,0,2,2,253,1.0,2.0,1.0,1.0,2.0,0.0
735,1,1,120,135,119.0,3.0,1.0,2.0,2.0,0.0
736,0,1,120,135,119.0,3.0,1.0,2.0,2.0,0.0
737,0,0,121,134,120.0,1.0,1.0,120.0,1.0,0.0
738,0,1,120,135,119.0,3.0,1.0,1.0,2.0,1.0
739,1,3,121,134,1.0,2.0,0.0,120.0,1.0,0.0
740,1,2,1,254,0.0,2.0,0.0,0.0,2.0,0.0
741,0,2,1,254,0.0,2.0,0.0,0.0,2.0,0.0
742,0,2,2,253,1.0,2.0,1.0,1.0,2.0,0.0
743,1,1,122,133,121.0,3.0,1.0,2.0,2.0,0.0
744,0,1,122,133,121.0,3.0,1.0,2.0,2.0,0.0
745,0,0,123,132,122.0,1.0,1.0,122.0,1.0,0.0
746,0,1,122,133,121.0,3.0,1.0,1.0,2.0,1.0
747,1,3,123,132,1.0,2.0,0.0,122.0,1.0,0.0
748,1,2,1,254,0.0,2.0,0.0,0.0,2.0,0.0
749,0,2,1,254,0.0,2.0,0.0,0.0,2.0,0.0
750,0,2,2,253,1.0,2.0,1.0,1.0,2.0,0.0
751,1,1,124,131,123.0,3.0,1.0,2.0,2.0,0.0
752,0,1,124,131,123.0,3.0,1.0,2.0,2.0,0.0
753,0,0,125,130,124.0,1.0,1.0,124.0,1.0,0.0
754,0,1,124,131,123.0,3.0,1.0,1.0,2.0,1.0
755,1,3,125,130,1.0,2.0,0.0,124.0,1.0,0.0
756,1,2,1,254,0.0,2.0,0.0,0.0,2.0,0.0
757,0,2,1,254,0.0,2.0,0.0,0.0,2.0,0.0
758,0,2,2,253,1.0,2.0,1.0,1.0,2.0,0.0
759,1,1,126,129,125.0,3.0,1.0,2.0,2.0,0.0
760,0,1,126,129,125.0,3.0,1.0,2.0,2.0,0.0
761,0,0,127,128,126.0,1.0,1.0,126.0,1.0,0.0
762,0,1,126,129,125.0,3.0,1.0,1.0,2.0,1.0
763,1,3,127,128,1.0,2.0,0.0,126.0,1.0,0.0
764,1,2,1,254,0.0,2.0,0.0,0.0,2.0,0.0
765,0,2,1,254,0.0,2.0,0.0,0.0,2.0,0.0
766,0,2,2,253,1.0,2.0,1.0,1.0,2.0,0.0
767,1,1,128,127,127.0,3.0,1.0,2.0,2.0,0.0
768,0,1,128,127,127.0,3.0,1.0,2.0,2.0,0.0
769,0,0,129,126,128.0,1.0,1.0,128.0,1.0,0.0
770,0,1,128,127,127.0,3.0,1.0,1.0,2.0,1.0
771,1,3,129,126,1.0,2.0,0.0,128.0,1.0,0.0
772,1,2,1,254,0.0,2.0,0.0,0.0,2.0,0.0
773,0,2,1,254,0.0,2.0,0.0,0.0,2.0,0.0
774,0,2,2,253,1.0,2.0,1.0,1.0,2.0,0.0
775,1,1,130,125,129.0,3.0,1.0,2.0,2.0,0.0
776,0,1,130,125,129.0,3.0,1.0,2.0,2.0,0.0
777,0,0,131,124,130.0,1.0,1.0,130.0,1.0,0.0
778,0,1,130,125,129.0,3.0,1.0,1.0,2.0,1.0
779,1,3,131,124,1.0,2.0,0.0,130.0,1.0,0.0
780,1,2,1,254,0.0,2.0,0.0,0.0,2.0,0.0
781,0,2,1,254,0.0,2.0,0.0,0.0,2.0,0.0
782,0,2,2,253,1.0,2.0,1.0,1.0,2.0,0.0
783,1,1,132,123,131.0,3.0,1.0,2.0,2.0,0.0
784,0,1,132,123,131.0,3.0,1.0,2.0,2.0,0.0
785,0,0,133,122,132.0,1.0,1.0,132.0,1.0,0.0
786,0,1,132,123,131.0,3.0,1.0,1.0,2.0,1.0
787,1,3,133,122,1.0,2.0,0.0,132.0,1.0,0.0
788,1,2,1,254,0.0,2.0,0.0,0.0,2.0,0.0
789,0,2,1,254,0.0,2.0,0.0,0.0,2.0,0.0
790,0,2,2,253,1.0,2.0,1.0,1.0,2.0,0.0
791,1,1,134,121,133.0,3.0,1.0,2.0,2.0,0.0
792,0,1,134,121,133.0,3.0,1.0,2.0,2.0,0.0
793,0,0,135,120,134.0,1.0,1.0,134.0,1.0,0.0
794,0,1,134,121,133.0,3.0,1.0,1.0,2.0,1.0
795,1,3,135,120,1.0,2.0,0.0,134.0,1.0,0.0
796,1,2,1,254,0.0,2.0,0.0,0.0,2.0,0.0
797,0,2,1,254,0.0,2.0,0.0,0.0,2.0,0.0
798,0,2,2,253,1.0,2.0,1.0,1.0,2.0,0.0
799,1,1,136,119,135.0,3.0,1.0,2.0,2.0,0.0
800,0,1,136,119,135.0,3.0,1.0,2.0,2.0,0.0
801,0,0,137,118,136.0,1.0,1.0,136.0,1.0,0.0
802,0,1,136,119,135.0,3.0,1.0,1.0,2.0,1.0
803,1,3,137,118,1.0,2.0,0.0,136.0,1.0,0.0
804,1,2,1,254,0.0,2.0,0.0,0.0,2.0,0.0
805,0,2,1,254,0.0,2.0,0.0,0.0,2.0,0.0
806,0,2,2,253,1.0,2.0,1.0,1.0,2.0,0.0
807,1,1,138,117,137.0,3.0,1.0,2.0,2.0,0.0
808,0,1,138,117,137.0,3.0,1.0,2.0,2.0,0.0
809,0,0,139,116,138.0,1.0,1.0,138.0,1.0,0.0
810,0,1,138,117,137.0,3.0,1.0,1.0,2.0,1.0
811,1,3,139,116,1.0,2.0,0.0,138.0,1.0,0.0
812,1,2,1,254,0.0,2.0,0.0,0.0,2.0,0.0
813,0,2,1,254,0.0,2.0,0.0,0.0,2.0,0.0
814,0,2,2,253,1.0,2.0,1.0,1.0,2.0,0.0
815,1,1,140,115,139.0,3.0,1.0,2.0,2.0,0.0
816,0,1,140,115,139.0,3.0,1.0,2.0,2.0,0.0
817,0,0,141,114,140.0,1.0,1.0,140.0,1.0,0.0
818,0,1,140,115,139.0,3.0,1.0,1.0,2.0,1.0
819,1,3,141,114,1.0,2.0,0.0,140.0,1.0,0.0
820,1,2,1,254,0.0,2.0,0.0,0.0,2.0,0.0
821,0,2,1,254,0.0,2.0,0.0,0.0,2.0,0.0
822,0,2,2,253,1.0,2.0,1.0,1.0,2.0,0.0
823,1,1,142,113,141.0,3.0,1.0,2.0,2.0,0.0
824,0,1,142,113,141.0,3.0,1.0,2.0,2.0,0.0
825,0,0,143,112,142.0,1.0,1.0,142.0,1.0,0.0
826,0,1,142,113,141.0,3.0,1.0,1.0,2.0,1.0
827,1,3,143,112,1.0,2.0,0.0,142.0,1.0,0.0
828,1,2,1,254,0.0,2.0,0.0,0.0,2.0,0.0
829,0,2,1,254,0.0,2.0,0.0,0.0,2.0,0.0
830,0,2,2,253,1.0,2.0,1.0,1.0,2.0,0.0
831,1,1,144,111,143.0,3.0,1.0,2.0,2.0,0.0
832,0,1,144,111,143.0,3.0,1.0,2.0,2.0,0.0
833,0,0,145,110,144.0,1.0,1.0,144.0,1.0,0.0
834,0,1,144,111,143.0,3.0,1.0,1.0,2.0,1.0
835,1,3,145,110,1.0,2.0,0.0,144.0,1.0,0.0
836,1,2,1,254,0.0,2.0,0.0,0.0,2.0,0.0
837,0,2,1,254,0.0,2.0,0.0,0.0,2.0,0.0
838,0,2,2,253,1.0,2.0,1.0,1.0,2.0,0.0
839,1,1,146,109,145.0,3.0,1.0,2.0,2.0,0.0
840,0,1,146,109,145.0,3.0,1.0,2.0,2.0,0.0
841,0,0,147,108,146.0,1.0,1.0,146.0,1.0,0.0
842,0,1,146,109,145.0,3.0,1.0,1.0,2.0,1.0
843,1,3,147,108,1.0,2.0,0.0,146.0,1.0,0.0
844,1,2,1,254,0.0,2.0,0.0,0.0,2.0,0.0
845,0,2,1,254,0.0,2.0,0.0,0.0,2.0,0.0
846,0,2,2,253,1.0,2.0,1.0,1.0,2.0,0.0
847,1,1,148,107,147.0,3.0,1.0,2.0,2.0,0.0
848,0,1,148,107,147.0,3.0,1.0,2.0,2.0,0.0
849,0,0,149,106,148.0,1.0,1.0,148.0,1.0,0.0
850,0,1,148,107,147.0,3.0,1.0,1.0,2.0,1.0
851,1,3,149,106,1.0,2.0,0.0,148.0,1.0,0.0
852,1,2,1,254,0.0,2.0,0.0,0.0,2.0,0.0
853,0,2,1,254,0.0,2.0,0.0,0.0,2.0,0.0
854,0,2,2,253,1.0,2.0,1.0,1.0,2.0,0.0
855,1,1,150,105,149.0,3.0,1.0,2.0,2.0,0.0
856,0,1,150,105,149.0,3.0,1.0,2.0,2.0,0.0
857,0,0,151,104,150.0,1.0,1.0,150.0,1.0,0.0
858,0,1,150,105,149.0,3.0,1.0,1.0,2.0,1.0
859,1,3,151,104,1.0,2.0,0.0,150.0,1.0,0.0
860,1,2,1,254,0.0,2.0,0.0,0.0,2.0,0.0
861,0,2,1,254,0.0,2.0,0.0,0.0,2.0,0.0
862,0,2,2,253,1.0,2.0,1.0,1.0,2.0,0.0
863,1,1,152,103,151.0,3.0,1.0,2.0,2.0,0.0
864,0,1,152,103,151.0,3.0,1.0,2.0,2.0,0.0
865,0,0,153,102,152.0,1.0,1.0,152.0,1.0,0.0
866,0,1,152,103,151.0,3.0,1.0,1.0,2.0,1.0
867,1,3,153,102,1.0,2.0,0.0,152.0,1.0,0.0
868,1,2,1,254,0.0,2.0,0.0,0.0,2.0,0.0
869,0,2,1,254,0.0,2.0,0.0,0.0,2.0,0.0
870,0,2,2,253,1.0,2.0,1.0,1.0,2.0,0.0
871,1,1,154,101,153.0,3.0,1.0,2.0,2.0,0.0
872,0,1,154,101,153.0,3.0,1.0,2.0,2.0,0.0
873,0,0,155,100,154.0,1.0,1.0,154.0,1.0,0.0
874,0,1,154,101,153.0,3.0,1.0,1.0,2.0,1.0
875,1,3,155,100,1.0,2.0,0.0,154.0,1.0,0.0
876,1,2,1,254,0.0,2.0,0.0,0.0,2.0,0.0
877,0,2,1,254,0.0,2.0,0.0,0.0,2.0,0.0
878,0,2,2,253,1.0,2.0,1.0,1.0,2.0,0.0
879,1,1,156,99,155.0,3.0,1.0,2.0,2.0,0.0
880,0,1,156,99,155.0,3.0,1.0,2.0,2.0,0.0
881,0,0,157,98,156.0,1.0,1.0,156.0,1.0,0.0
882,0,1,156,99,155.0,3.0,1.0,1.0,2.0,1.0
883,1,3,157,98,1.0,2.0,0.0,156.0,1.0,0.0
884,1,2,1,254,0.0,2.0,0.0,0.0,2.0,0.0
885,0,2,1,254,0.0,2.0,0.0,0.0,2.0,0.0
886,0,2,2,253,1.0,2.0,1.0,1.0,2.0,0.0
887,1,1,158,97,157.0,3.0,1.0,2.0,2.0,0.0
888,0,1,158,97,157.0,3.0,1.0,2.0,2.0,0.0
889,0,0,159,96,158.0,1.0,1.0,158.0,1.0,0.0
890,0,1,158,97,157.0,3.0,1.0,1.0,2.0,1.0
891,1,3,159,96,1.0,2.0,0.0,158.0,1.0,0.0
892,1,2,1,254,0.0,2.0,0.0,0.0,2.0,0.0
893,0,2,1,254,0.0,2.0,0.0,0.0,2.0,0.0
894,0,2,2,253,1.0,2.0,1.0,1.0,2.0,0.0
895,1,1,160,95,159.0,3.0,1.0,2.0,2.0,0.0
896,0,1,160,95,159.0,3.0,1.0,2.0,2.0,0.0
897,0,0,161,94,160.0,1.0,1.0,160.0,1.0,0.0
898,0,1,160,95,159.0,3.0,1.0,1.0,2.0,1.0
899,1,3,161,94,1.0,2.0,0.0,160.0,1.0,0.0
900,1,2,1,254,0.0,2.0,0.0,0.0,2.0,0.0
901,0,2,1,254,0.0,2.0,0.0,0.0,2.0,0.0
902,0,2,2,253,1.0,2.0,1.0,1.0,2.0,0.0
903,1,1,162,93,161.0,3.0,1.0,2.0,2.0,0.0
904,0,1,162,93,161.0,3.0,1.0,2.0,2.0,0.0
905,0,0,163,92,162.0,1.0,1.0,162.0,1.0,0.0
906,0,1,162,93,161.0,3.0,1.0,1.0,2.0,1.0
907,1,3,163,92,1.0,2.0,0.0,162.0,1.0,0.0
908,1,2,1,254,0.0,2.0,0.0,0.0,2.0,0.0
909,0,2,1,254,0.0,2.0,0.0,0.0,2.0,0.0
910,0,2,2,253,1.0,2.0,1.0,1.0,2.0,0.0
911,1,1,164,91,163.0,3.0,1.0,2.0,2.0,0.0
912,0,1,164,91,163.0,3.0,1.0,2.0,2.0,0.0
913,0,0,165,90,164.0,1.0,1.0,164.0,1.0,0.0
914,0,1,164,91,163.0,3.0,1.0,1.0,2.0,1.0
915,1,3,165,90,1.0,2.0,0.0,164.0,1.0,0.0
916,1,2,1,254,0.0,2.0,0.0,0.0,2.0,0.0
917,0,2,1,254,0.0,2.0,0.0,0.0,2.0,0.0
918,0,2,2,253,1.0,2.0,1.0,1.0,2.0,0.0
919,1,1,166,89,165.0,3.0,1.0,2.0,2.0,0.0
920,0,1,166,89,165.0,3.0,1.0,2.0,2.0,0.0
921,0,0,167,88,166.0,1.0,1.0,166.0,1.0,0.0
922,0,1,166,89,165.0,3.0,1.0,1.0,2.0,1.0
923,1,3,167,88,1.0,2.0,0.0,166.0,1.0,0.0
924,1,2,1,254,0.0,2.0,0.0,0.0,2.0,0.0
925,0,2,1,254,0.0,2.0,0.0,0.0,2.0,0.0
926,0,2,2,253,1.0,2.0,1.0,1.0,2.0,0.0
927,1,1,168,87,167.0,3.0,1.0,2.0,2.0,0.0
928,0,1,168,87,167.0,3.0,1.0,2.0,2.0,0.0
929,0,0,169,86,168.0,1.0,1.0,168.0,1.0,0.0
930,0,1,168,87,167.0,3.0,1.0,1.0,2.0,1.0
931,1,3,169,86,1.0,2.0,0.0,168.0,1.0,0.0
932,1,2,1,254,0.0,2.0,0.0,0.0,2.0,0.0
933,0,2,1,254,0.0,2.0,0.0,0.0,2.0,0.0
934,0,2,2,253,1.0,2.0,1.0,1.0,2.0,0.0
935,1,1,170,85,169.0,3.0,1.0,2.0,2.0,0.0
936,0,1,170,85,169.0,3.0,1.0,2.0,2.0,0.0
937,0,0,171,84,170.0,1.0,1.0,170.0,1.0,0.0
938,0,1,170,85,169.0,3.0,1.0,1.0,2.0,1.0
939,1,3,171,84,1.0,2.0,0.0,170.0,1.0,0.0
940,1,2,1,254,0.0,2.0,0.0,0.0,2.0,0.0
941,0,2,1,254,0.0,2.0,0.0,0.0,2.0,0.0
942,0,2,2,253,1.0,2.0,1.0,1.0,2.0,0.0
943,1,1,172,83,171.0,3.0,1.0,2.0,2.0,0.0
944,0,1,172,83,171.0,3.0,1.0,2.0,2.0,0.0
945,0,0,173,82,172.0,1.0,1.0,172.0,1.0,0.0
946,0,1,172,83,171.0,3.0,1.0,1.0,2.0,1.0
947,1,3,173,82,1.0,2.0,0.0,172.0,1.0,0.0
948,1,2,1,254,0.0,2.0,0.0,0.0,2.0,0.0
949,0,2,1,254,0.0,2.0,0.0,0.0,2.0,0.0
950,0,2,2,253,1.0,2.0,1.0,1.0,2.0,0.0
951,1,1,174,81,173.0,3.0,1.0,2.0,2.0,0.0
952,0,1,174,81,173.0,3.0,1.0,2.0,2.0,0.0
953,0,0,175,80,174.0,1.0,1.0,174.0,1.0,0.0
954,0,1,174,81,173.0,3.0,1.0,1.0,2.0,1.0
955,1,3,175,80,1.0,2.0,0.0,174.0,1.0,0.0
956,1,2,1,254,0.0,2.0,0.0,0.0,2.0,0.0
957,0,2,1,254,0.0,2.0,0.0,0.0,2.0,0.0
958,0,2,2,253,1.0,2.0,1.0,1.0,2.0,0.0
959,1,1,176,79,175.0,3.0,1.0,2.0,2.0,0.0
960,0,1,176,79,175.0,3.0,1.0,2.0,2.0,0.0
961,0,0,177,78,176.0,1.0,1.0,176.0,1.0,0.0
962,0,1,176,79,175.0,3.0,1.0,1.0,2.0,1.0
963,1,3,177,78,1.0,2.0,0.0,176.0,1.0,0.0
964,1,2,1,254,0.0,2.0,0.0,0.0,2.0,0.0
965,0,2,1,254,0.0,2.0,0.0,0.0,2.0,0.0
966,0,2,2,253,1.0,2.0,1.0,1.0,2.0,0.0
967,1,1,178,77,177.0,3.0,1.0,2.0,2.0,0.0
968,0,1,178,77,177.0,3.0,1.0,2.0,2.0,0.0
969,0,0,179,76,178.0,1.0,1.0,178.0,1.0,0.0
970,0,1,178,77,177.0,3.0,1.0,1.0,2.0,1.0
971,1,3,179,76,1.0,2.0,0.0,178.0,1.0,0.0
972,1,2,1,254,0.0,2.0,0.0,0.0,2.0,0.0
973,0,2,1,254,0.0,2.0,0.0,0.0,2.0,0.0
974,0,2,2,253,1.0,2.0,1.0,1.0,2.0,0.0
975,1,1,180,75,179.0,3.0,1.0,2.0,2.0,0.0
976,0,1,180,75,179.0,3.0,1.0,2.0,2.0,0.0
977,0,0,181,74,180.0,1.0,1.0,180.0,1.0,0.0
978,0,1,180,75,179.0,3.0,1.0,1.0,2.0,1.0
979,1,3,181,74,1.0,2.0,0.0,180.0,1.0,0.0
980,1,2,1,254,0.0,2.0,0.0,0.0,2.0,0.0
981,0,2,1,254,0.0,2.0,0.0,0.0,2.0,0.0
982,0,2,2,253,1.0,2.0,1.0,1.0,2.0,0.0
983,1,1,182,73,181.0,3.0,1.0,2.0,2.0,0.0
984,0,1,182,73,181.0,3.0,1.0,2.0,2.0,0.0
985,0,0,183,72,182.0,1.0,1.0,182.0,1.0,0.0
986,0,1,182,73,181.0,3.0,1.0,1.0,2.0,1.0
987,1,3,183,72,1.0,2.0,0.0,182.0,1.0,0.0
988,1,2,1,254,0.0,2.0,0.0,0.0,2.0,0.0
989,0,2,1,254,0.0,2.0,0.0,0.0,2.0,0.0
990,0,2,2,253,1.0,2.0,1.0,1.0,2.0,0.0
991,1,1,184,71,183.0,3.0,1.0,2.0,2.0,0.0
992,0,1,184,71,183.0,3.0,1.0,2.0,2.0,0.0
993,0,0,185,70,184.0,1.0,1.0,184.0,1.0,0.0
994,0,1,184,71,183.0,3.0,1.0,1.0,2.0,1.0
995,1,3,185,70,1.0,2.0,0.0,184.0,1.0,0.0
996,1,2,1,254,0.0,2.0,0.0,0.0,2.0,0.0
997,0,2,1,254,0.0,2.0,0.0,0.0,2.0,0.0
998,0,2,2,253,1.0,2.0,1.0,1.0,2.0,0.0
999,1,1,186,69,185.0,3.0,1.0,2.0,2.0,0.0
1000,0,1,186,69,185.0,3.0,1.0,2.0,2.0,0.0
1001,0,0,187,68,186.0,1.0,1.0,186.0,1.0,0.0
1002,0,1,186,69,185.0,3.0,1.0,1.0,2.0,1.0
1003,1,3,187,68,1.0,2.0,0.0,186.0,1.0,0.0
1004,1,2,1,254,0.0,2.0,0.0,0.0,2.0,0.0
1005,0,2,1,254,0.0,2.0,0.0,0.0,2.0,0.0
1006,0,2,2,253,1.0,2.0,1.0,1.0,2.0,0.0
1007,1,1,188,67,187.0,3.0,1.0,2.0,2.0,0.0
1008,0,1,188,67,187.0,3.0,1.0,2.0,2.0,0.0
1009,0,0,189,66,188.0,1.0,1.0,188.0,1.0,0.0
1010,0,1,188,67,187.0,3.0,1.0,1.0,2.0,1.0
1011,1,3,189,66,1.0,2.0,0.0,188.0,1.0,0.0
1012,1,2,1,254,0.0,2.0,0.0,0.0,2.0,0.0
1013,0,2,1,254,0.0,2.0,0.0,0.0,2.0,0.0
1014,0,2,2,253,1.0,2.0,1.0,1.0,2.0,0.0
1015,1,1,190,65,189.0,3.0,1.0,2.0,2.0,0.0
1016,0,1,190,65,189.0,3.0,1.0,2.0,2.0,0.0
1017,0,0,191,64,190.0,1.0,1.0,190.0,1.0,0.0
1018,0,1,190,65,189.0,3.0,1.0,1.0,2.0,1.0
1019,1,3,191,64,1.0,2.0,0.0,190.0,1.0,0.0
1020,1,2,1,254,0.0,2.0,0.0,0.0,2.0,0.0
1021,0,2,1,254,0.0,2.0,0.0,0.0,2.0,0.0
1022,0,2,2,253,1.0,2.0,1.0,1.0,2.0,0.0
1023,1,1,192,63,191.0,3.0,1.0,2.0,2.0,0.0
1024,0,1,192,63,191.0,3.0,1.0,2.0,2.0,0.0
1025,0,0,193,62,192.0,1.0,1.0,192.0,1.0,0.0
1026,0,1,192,63,191.0,3.0,1.0,1.0,2.0,1.0
1027,1,3,193,62,1.0,2.0,0.0,192.0,1.0,0.0
1028,1,2,1,254,0.0,2.0,0.0,0.0,2.0,0.0
1029,0,2,1,254,0.0,2.0,0.0,0.0,2.0,0.0
1030,0,2,2,253,1.0,2.0,1.0,1.0,2.0,0.0
1031,1,1,194,61,193.0,3.0,1.0,2.0,2.0,0.0
1032,0,1,194,61,193.0,3.0,1.0,2.0,2.0,0.0
1033,0,0,195,60,194.0,1.0,1.0,194.0,1.0,0.0
1034,0,1,194,61,193.0,3.0,1.0,1.0,2.0,1.0
1035,1,3,195,60,1.0,2.0,0.0,194.0,1.0,0.0
1036,1,2,1,254,0.0,2.0,0.0,0.0,2.0,0.0
1037,0,2,1,254,0.0,2.0,0.0,0.0,2.0,0.0
1038,0,2,2,253,1.0,2.0,1.0,1.0,2.0,0.0
1039,1,1,196,59,195.0,3.0,1.0,2.0,2.0,0.0
1040,0,1,196,59,195.0,3.0,1.0,2.0,2.0,0.0
1041,0,0,197,58,196.0,1.0,1.0,196.0,1.0,0.0
1042,0,1,196,59,195.0,3.0,1.0,1.0,2.0,1.0
1043,1,3,197,58,1.0,2.0,0.0,196.0,1.0,0.0
1044,1,2,1,254,0.0,2.0,0.0,0.0,2.0,0.0
1045,0,2,1,254,0.0,2.0,0.0,0.0,2.0,0.0
1046,0,2,2,253,1.0,2.0,1.0,1.0,2.0,0.0
1047,1,1,198,57,197.0,3.0,1.0,2.0,2.0,0.0
1048,0,1,198,57,197.0,3.0,1.0,2.0,2.0,0.0
1049,0,0,199,56,198.0,1.0,1.0,198.0,1.0,0.0
1050,0,1,198,57,197.0,3.0,1.0,1.0,2.0,1.0
1051,1,3,199,56,1.0,2.0,0.0,198.0,1.0,0.0
1052,1,2,1,254,0.0,2.0,0.0,0.0,2.0,0.0
1053,0,2,1,254,0.0,2.0,0.0,0.0,2.0,0.0
1054,0,2,2,253,1.0,2.0,1.0,1.0,2.0,0.0
1055,1,1,200,55,199.0,3.0,1.0,2.0,2.0,0.0
1056,0,1,200,55,199.0,3.0,1.0,2.0,2.0,0.0
1057,0,0,201,54,200.0,1.0,1.0,200.0,1.0,0.0
1058,0,1,200,55,199.0,3.0,1.0,1.0,2.0,1.0
1059,1,3,201,54,1.0,2.0,0.0,200.0,1.0,0.0
1060,1,2,1,254,0.0,2.0,0.0,0.0,2.0,0.0
1061,0,2,1,254,0.0,2.0,0.0,0.0,2.0,0.0
1062,0,2,2,253,1.0,2.0,1.0,1.0,2.0,0.0
1063,1,1,202,53,201.0,3.0,1.0,2.0,2.0,0.0
1064,0,1,202,53,201.0,3.0,1.0,2.0,2.0,0.0
1065,0,0,203,52,202.0,1.0,1.0,202.0,1.0,0.0
1066,0,1,202,53,201.0,3.0,1.0,1.0,2.0,1.0
1067,1,3,203,52,1.0,2.0,0.0,202.0,1.0,0.0
1068,1,2,1,254,0.0,2.0,0.0,0.0,2.0,0.0
1069,0,2,1,254,0.0,2.0,0.0,0.0,2.0,0.0
1070,0,2,2,253,1.0,2.0,1.0,1.0,2.0,0.0
1071,1,1,204,51,203.0,3.0,1.0,2.0,2.0,0.0
1072,0,1,204,51,203.0,3.0,1.0,2.0,2.0,0.0
1073,0,0,205,50,204.0,1.0,1.0,204.0,1.0,0.0
1074,0,1,204,51,203.0,3.0,1.0,1.0,2.0,1.0
1075,1,3,205,50,1.0,2.0,0.0,204.0,1.0,0.0
1076,1,2,1,254,0.0,2.0,0.0,0.0,2.0,0.0
1077,0,2,1,254,0.0,2.0,0.0,0.0,2.0,0.0
1078,0,2,2,253,1.0,2.0,1.0,1.0,2.0,0.0
1079,1,1,206,49,205.0,3.0,1.0,2.0,2.0,0.0
1080,0,1,206,49,205.0,3.0,1.0,2.0,2.0,0.0
1081,0,0,207,48,206.0,1.0,1.0,206.0,1.0,0.0
1082,0,1,206,49,205.0,3.0,1.0,1.0,2.0,1.0
1083,1,3,207,48,1.0,2.0,0.0,206.0,1.0,0.0
1084,1,2,1,254,0.0,2.0,0.0,0.0,2.0,0.0
1085,0,2,1,254,0.0,2.0,0.0,0.0,2.0,0.0
1086,0,2,2,253,1.0,2.0,1.0,1.0,2.0,0.0
1087,1,1,208,47,207.0,3.0,1.0,2.0,2.0,0.0
1088,0,1,208,47,207.0,3.0,1.0,2.0,2.0,0.0
1089,0,0,209,46,208.0,1.0,1.0,208.0,1.0,0.0
1090,0,1,208,47,207.0,3.0,1.0,1.0,2.0,1.0
1091,1,3,209,46,1.0,2.0,0.0,208.0,1.0,0.0
1092,1,2,1,254,0.0,2.0,0.0,0.0,2.0,0.0
1093,0,2,1,254,0.0,2.0,0.0,0.0,2.0,0.0
1094,0,2,2,253,1.0,2.0,1.0,1.0,2.0,0.0
1095,1,1,210,45,209.0,3.0,1.0,2.0,2.0,0.0
1096,0,1,210,45,209.0,3.0,1.0,2.0,2.0,0.0
1097,0,0,211,44,210.0,1.0,1.0,210.0,1.0,0.0
1098,0,1,210,45,209.0,3.0,1.0,1.0,2.0,1.0
1099,1,3,211,44,1.0,2.0,0.0,210.0,1.0,0.0
1100,1,2,1,254,0.0,2.0,0.0,0.0,2.0,0.0
1101,0,2,1,254,0.0,2.0,0.0,0.0,2.0,0.0
1102,0,2,2,253,1.0,2.0,1.0,1.0,2.0,0.0
1103,1,1,212,43,211.0,3.0,1.0,2.0,2.0,0.0
1104,0,1,212,43,211.0,3.0,1.0,2.0,2.0,0.0
1105,0,0,213,42,212.0,1.0,1.0,212.0,1.0,0.0
1106,0,1,212,43,211.0,3.0,1.0,1.0,2.0,1.0
1107,1,3,213,42,1.0,2.0,0.0,212.0,1.0,0.0
1108,1,2,1,254,0.0,2.0,0.0,0.0,2.0,0.0
1109,0,2,1,254,0.0,2.0,0.0,0.0,2.0,0.0
1110,0,2,2,253,1.0,2.0,1.0,1.0,2.0,0.0
1111,1,1,214,41,213.0,3.0,1.0,2.0,2.0,0.0
1112,0,1,214,41,213.0,3.0,1.0,2.0,2.0,0.0
1113,0,0,215,40,214.0,1.0,1.0,214.0,1.0,0.0
1114,0,1,214,41,213.0,3.0,1.0,1.0,2.0,1.0
1115,1,3,215,40,1.0,2.0,0.0,214.0,1.0,0.0
1116,1,2,1,254,0.0,2.0,0.0,0.0,2.0,0.0
1117,0,2,1,254,0.0,2.0,0.0,0.0,2.0,0.0
1118,0,2,2,253,1.0,2.0,1.0,1.0,2.0,0.0
1119,1,1,216,39,215.0,3.0,1.0,2.0,2.0,0.0
1120,0,1,216,39,215.0,3.0,1.0,2.0,2.0,0.0
1121,0,0,217,38,216.0,1.0,1.0,216.0,1.0,0.0
1122,0,1,216,39,215.0,3.0,1.0,1.0,2.0,1.0
1123,1,3,217,38,1.0,2.0,0.0,216.0,1.0,0.0
1124,1,2,1,254,0.0,2.0,0.0,0.0,2.0,0.0
1125,0,2,1,254,0.0,2.0,0.0,0.0,2.0,0.0
1126,0,2,2,253,1.0,2.0,1.0,1.0,2.0,0.0
1127,1,1,218,37,217.0,3.0,1.0,2.0,2.0,0.0
1128,0,1,218,37,217.0,3.0,1.0,2.0,2.0,0.0
1129,0,0,219,36,218.0,1.0,1.0,218.0,1.0,0.0
1130,0,1,218,37,217.0,3.0,1.0,1.0,2.0,1.0
1131,1,3,219,36,1.0,2.0,0.0,218.0,1.0,0.0
1132,1,2,1,254,0.0,2.0,0.0,0.0,2.0,0.0
1133,0,2,1,254,0.0,2.0,0.0,0.0,2.0,0.0
1134,0,2,2,253,1.0,2.0,1.0,1.0,2.0,0.0
1135,1,1,220,35,219.0,3.0,1.0,2.0,2.0,0.0
1136,0,1,220,35,219.0,3.0,1.0,2.0,2.0,0.0
1137,0,0,221,34,220.0,1.0,1.0,220.0,1.0,0.0
1138,0,1,220,35,219.0,3.0,1.0,1.0,2.0,1.0
1139,1,3,221,34,1.0,2.0,0.0,220.0,1.0,0.0
1140,1,2,1,254,0.0,2.0,0.0,0.0,2.0,0.0
1141,0,2,1,254,0.0,2.0,0.0,0.0,2.0,0.0
1142,0,2,2,253,1.0,2.0,1.0,1.0,2.0,0.0
1143,1,1,222,33,221.0,3.0,1.0,2.0,2.0,0.0
1144,0,1,222,33,221.0,3.0,1.0,2.0,2.0,0.0
1145,0,0,223,32,222.0,1.0,1.0,222.0,1.0,0.0
1146,0,1,222,33,221.0,3.0,1.0,1.0,2.0,1.0
1147,1,3,223,32,1.0,2.0,0.0,222.0,1.0,0.0
1148,1,2,1,254,0.0,2.0,0.0,0.0,2.0,0.0
1149,0,2,1,254,0.0,2.0,0.0,0.0,2.0,0.0
1150,0,2,2,253,1.0,2.0,1.0,1.0,2.0,0.0
1151,1,1,224,31,223.0,3.0,1.0,2.0,2.0,0.0
1152,0,1,224,31,223.0,3.0,1.0,2.0,2.0,0.0
1153,0,0,225,30,224.0,1.0,1.0,224.0,1.0,0.0
1154,0,1,224,31,223.0,3.0,1.0,1.0,2.0,1.0
1155,1,3,225,30,1.0,2.0,0.0,224.0,1.0,0.0
1156,1,2,1,254,0.0,2.0,0.0,0.0,2.0,0.0
1157,0,2,1,254,0.0,2.0,0.0,0.0,2.0,0.0
1158,0,2,2,253,1.0,2.0,1.0,1.0,2.0,0.0
1159,1,1,226,29,225.0,3.0,1.0,2.0,2.0,0.0
1160,0,1,226,29,225.0,3.0,1.0,2.0,2.0,0.0
1161,0,0,227,28,226.0,1.0,1.0,226.0,1.0,0.0
1162,0,1,226,29,225.0,3.0,1.0,1.0,2.0,1.0
1163,1,3,227,28,1.0,2.0,0.0,226.0,1.0,0.0
1164,1,2,1,254,0.0,2.0,0.0,0.0,2.0,0.0
1165,0,2,1,254,0.0,2.0,0.0,0.0,2.0,0.0
1166,0,2,2,253,1.0,2.0,1.0,1.0,2.0,0.0
1167,1,1,228,27,227.0,3.0,1.0,2.0,2.0,0.0
1168,0,1,228,27,227.0,3.0,1.0,2.0,2.0,0.0
1169,0,0,229,26,228.0,1.0,1.0,228.0,1.0,0.0
1170,0,1,228,27,227.0,3.0,1.0,1.0,2.0,1.0
1171,1,3,229,26,1.0,2.0,0.0,228.0,1.0,0.0
1172,1,2,1,254,0.0,2.0,0.0,0.0,2.0,0.0
1173,0,2,1,254,0.0,2.0,0.0,0.0,2.0,0.0
1174,0,2,2,253,1.0,2.0,1.0,1.0,2.0,0.0
1175,1,1,230,25,229.0,3.0,1.0,2.0,2.0,0.0
1176,0,1,230,25,229.0,3.0,1.0,2.0,2.0,0.0
1177,0,0,231,24,230.0,1.0,1.0,230.0,1.0,0.0
1178,0,1,230,25,229.0,3.0,1.0,1.0,2.0,1.0
1179,1,3,231,24,1.0,2.0,0.0,230.0,1.0,0.0
1180,1,2,1,254,0.0,2.0,0.0,0.0,2.0,0.0
1181,0,2,1,254,0.0,2.0,0.0,0.0,2.0,0.0
1182,0,2,2,253,1.0,2.0,1.0,1.0,2.0,0.0
1183,1,1,232,23,231.0,3.0,1.0,2.0,2.0,0.0
1184,0,1,232,23,231.0,3.0,1.0,2.0,2.0,0.0
1185,0,0,233,22,232.0,1.0,1.0,232.0,1.0,0.0
1186,0,1,232,23,231.0,3.0,1.0,1.0,2.0,1.0
1187,1,3,233,22,1.0,2.0,0.0,232.0,1.0,0.0
1188,1,2,1,254,0.0,2.0,0.0,0.0,2.0,0.0
1189,0,2,1,254,0.0,2.0,0.0,0.0,2.0,0.0
1190,0,2,2,253,1.0,2.0,1.0,1.0,2.0,0.0
1191,1,1,234,21,233.0,3.0,1.0,2.0,2.0,0.0
1192,0,1,234,21,233.0,3.0,1.0,2.0,2.0,0.0
1193,0,0,235,20,234.0,1.0,1.0,234.0,1.0,0.0
1194,0,1,234,21,233.0,3.0,1.0,1.0,2.0,1.0
1195,1,3,235,20,1.0,2.0,0.0,234.0,1.0,0.0
1196,1,2,1,254,0.0,2.0,0.0,0.0,2.0,0.0
1197,0,2,1,254,0.0,2.0,0.0,0.0,2.0,0.0
1198,0,2,2,253,1.0,2.0,1.0,1.0,2.0,0.0
1199,1,1,236,19,235.0,3.0,1.0,2.0,2.0,0.0
1200,0,1,236,19,235.0,3.0,1.0,2.0,2.0,0.0
1201,0,0,237,18,236.0,1.0,1.0,236.0,1.0,0.0
1202,0,1,236,19,235.0,3.0,1.0,1.0,2.0,1.0
1203,1,3,237,18,1.0,2.0,0.0,236.0,1.0,0.0
1204,1,2,1,254,0.0,2.0,0.0,0.0,2.0,0.0
1205,0,2,1,254,0.0,2.0,0.0,0.0,2.0,0.0
1206,0,2,2,253,1.0,2.0,1.0,1.0,2.0,0.0
1207,1,1,238,17,237.0,3.0,1.0,2.0,2.0,0.0
1208,0,1,238,17,237.0,3.0,1.0,2.0,2.0,0.0
1209,0,0,239,16,238.0,1.0,1.0,238.0,1.0,0.0
1210,0,1,238,17,237.0,3.0,1.0,1.0,2.0,1.0
1211,1,3,239,16,1.0,2.0,0.0,238.0,1.0,0.0
1212,1,2,1,254,0.0,2.0,0.0,0.0,2.0,0.0
1213,0,2,1,254,0.0,2.0,0.0,0.0,2.0,0.0
1214,0,2,2,253,1.0,2.0,1.0,1.0,2.0,0.0
1215,1,1,240,15,239.0,3.0,1.0,2.0,2.0,0.0
1216,0,1,240,15,239.0,3.0,1.0,2.0,2.0,0.0
1217,0,0,241,14,240.0,1.0,1.0,240.0,1.0,0.0
1218,0,1,240,15,239.0,3.0,1.0,1.0,2.0,1.0
1219,1,3,241,14,1.0,2.0,0.0,240.0,1.0,0.0
1220,1,2,1,254,0.0,2.0,0.0,0.0,2.0,0.0
1221,0,2,1,254,0.0,2.0,0.0,0.0,2.0,0.0
1222,0,2,2,253,1.0,2.0,1.0,1.0,2.0,0.0
1223,1,1,242,13,241.0,3.0,1.0,2.0,2.0,0.0
1224,0,1,242,13,241.0,3.0,1.0,2.0,2.0,0.0
1225,0,0,243,12,242.0,1.0,1.0,242.0,1.0,0.0
1226,0,1,242,13,241.0,3.0,1.0,1.0,2.0,1.0
1227,1,3,243,12,1.0,2.0,0.0,242.0,1.0,0.0
1228,1,2,1,254,0.0,2.0,0.0,0.0,2.0,0.0
1229,0,2,1,254,0.0,2.0,0.0,0.0,2.0,0.0
1230,0,2,2,253,1.0,2.0,1.0,1.0,2.0,0.0
1231,1,1,244,11,243.0,3.0,1.0,2.0,2.0,0.0
1232,0,1,244,11,243.0,3.0,1.0,2.0,2.0,0.0
1233,0,0,245,10,244.0,1.0,1.0,244.0,1.0,0.0
1234,0,1,244,11,243.0,3.0,1.0,1.0,2.0,1.0
1235,1,3,245,10,1.0,2.0,0.0,244.0,1.0,0.0
1236,1,2,1,254,0.0,2.0,0.0,0.0,2.0,0.0
1237,0,2,1,254,0.0,2.0,0.0,0.0,2.0,0.0
1238,0,2,2,253,1.0,2.0,1.0,1.0,2.0,0.0
1239,1,1,246,9,245.0,3.0,1.0,2.0,2.0,0.0
1240,0,1,246,9,245.0,3.0,1.0,2.0,2.0,0.0
1241,0,0,247,8,246.0,1.0,1.0,246.0,1.0,0.0
1242,0,1,246,9,245.0,3.0,1.0,1.0,2.0,1.0
1243,1,3,247,8,1.0,2.0,0.0,246.0,1.0,0.0
1244,1,2,1,254,0.0,2.0,0.0,0.0,2.0,0.0
1245,0,2,1,254,0.0,2.0,0.0,0.0,2.0,0.0
1246,0,2,2,253,1.0,2.0,1.0,1.0,2.0,0.0
1247,1,1,248,7,247.0,3.0,1.0,2.0,2.0,0.0
1248,0,1,248,7,247.0,3.0,1.0,2.0,2.0,0.0
1249,0,0,249,6,248.0,1.0,1.0,248.0,1.0,0.0
1250,0,1,248,7,247.0,3.0,1.0,1.0,2.0,1.0
1251,1,3,249,6,1.0,2.0,0.0,248.0,1.0,0.0
1252,1,2,1,254,0.0,2.0,0.0,0.0,2.0,0.0
1253,0,2,1,254,0.0,2.0,0.0,0.0,2.0,0.0
1254,0,2,2,253,1.0,2.0,1.0,1.0,2.0,0.0
1255,1,1,250,5,249.0,3.0,1.0,2.0,2.0,0.0
1256,0,1,250,5,249.0,3.0,1.0,2.0,2.0,0.0
1257,0,0,251,4,250.0,1.0,1.0,250.0,1.0,0.0
1258,0,1,250,5,249.0,3.0,1.0,1.0,2.0,1.0
1259,1,3,251,4,1.0,2.0,0.0,250.0,1.0,0.0
1260,1,2,1,254,0.0,2.0,0.0,0.0,2.0,0.0
1261,0,2,1,254,0.0,2.0,0.0,0.0,2.0,0.0
1262,0,2,2,253,1.0,2.0,1.0,1.0,2.0,0.0
1263,1,1,252,3,251.0,3.0,1.0,2.0,2.0,0.0
1264,0,1,252,3,251.0,3.0,1.0,2.0,2.0,0.0
1265,0,0,253,2,252.0,1.0,1.0,252.0,1.0,0.0
1266,0,1,252,3,251.0,3.0,1.0,1.0,2.0,1.0
1267,1,3,253,2,1.0,2.0,0.0,252.0,1.0,0.0
1268,1,2,1,254,0.0,2.0,0.0,0.0,2.0,0.0
1269,0,2,1,254,0.0,2.0,0.0,0.0,2.0,0.0
1270,0,2,2,253,1.0,2.0,1.0,1.0,2.0,0.0
1271,1,1,254,1,253.0,3.0,1.0,2.0,2.0,0.0
1272,0,1,254,1,253.0,3.0,1.0,2.0,2.0,0.0
1273,0,0,255,0,254.0,1.0,1.0,254.0,1.0,0.0
1274,0,1,254,1,253.0,3.0,1.0,1.0,2.0,1.0
1275,1,0,255,0,1.0,2.0,0.0,254.0,1.0,0.0
