256,1
257,2
258,3,4,5,6
259,7
260,8
261,9
262,10,13
263,14,15,17,20,21,22,23
264,24,25,26,29,30,31
265,34,35,36,37,38,40,41,42,44,45,46,47,48,50,51,52,53,54,56,57,58,59,60,61,62,63,65,66,67,68,69,70
266,71,72,74
267,75,81,83,84
268,85
269,86
270,87,89
271,91,93,94,97,100,101,102,108,111
272,114,115,116,119,126,127,128,130,135
273,137,138,145,147,153,155,158,161,164,167,168,172,178,181,182,184,187,190,193,198
274,199,200,203,204,205,207,208,209,210,211,212
275,213,214,215,216,217,218,219,220,221,222,223,224,225,226,227,228
276,229
277,230
278,231,232,233,234
279,235,236,237,240,241,242,243,244,247,248,249,251,252,253,254,255,256
280,258,259,260,261,263,264,265,266,267,269,270,272,273,274,275,276,277,279,280
281,281,283,287,290,291,292,295,297,301,303,305,306,311,313,315,316,317,323,324,325,328,330,331,333,334,335,336,338,339,340,342
282,343,347,349,354,355
283,357,358,359,361,362,363,364,365,366,367,368,369,370,372
284,373
285,374
286,375,376,377,378
287,379,380,381,382,385,393,394,395,397,399,400,401
288,402,403,404,407,412,416,418,419,424
289,425,426,432,439,442,444,447,452,453,458,459,460,465,466,468,479,481,485
290,487,490,496
291,501,502,503,504,505,507,509,510,511,512,513,514,516
292,517
293,518
294,519,522
295,523,524,525,526,529,530,531,533,534,535,538,539,540,544
296,546,553
297,569,571,573,579,582,586,590,592,608,626
298,631,634
299,645,648,651,653,655,656,657,660
300,661
301,662
302,663,665,666
303,667,673,674,675,677,680,681,683,685,688
304,690,697,708,709
305,713,730,732,734,737,743,744,748,750,766,768
306,775,777,779,780,782,783,784,785,787
307,789,793,794,795,796,797,798,800,801,803
308,805
309,806
310,807,809
311,811,814,817,819,824,825,826,828,829,830,832,833
312,834,836,843,847,848,854
313,857,858,863,877,907,917
314,919,920,921,922,923,924,925,926,927,928,929,930,931,932
315,933,946,948
316,949
317,950
318,951,954
319,955,956,957,958,960,963,967,968,969,973,974,976,977
320,978,979,991,995,997,1000
321,1001,1003,1004,1005,1006,1008,1011,1012,1013,1014,1015,1016,1017,1019,1020,1021,1023,1024,1026,1028,1029,1030,1031,1032,1033,1034,1036,1038,1040,1041,1042,1043,1044,1045,1046,1047,1048,1050,1051,1052,1053,1055,1056,1057,1058,1061,1062
322,1063,1064,1065,1066,1067,1069,1070,1071,1072,1073,1074,1075,1076
323,1077,1078,1079,1080,1082,1083,1085,1086,1087,1089,1092
324,1093
325,1094
326,1095,1096,1097,1098
327,1099,1101,1104,1105,1106,1107,1109,1112,1114,1116,1118,1121
328,1122,1130,1132,1134,1137
329,1145,1147,1148,1150,1151,1152,1153,1155,1156,1157,1158,1159,1160,1161,1163,1164,1166,1167,1168,1170,1171,1172,1173,1178,1179,1180,1184,1185,1188,1189,1190,1192,1193,1194,1195,1196,1197,1198,1200,1201,1202,1203,1204,1205
330,1207,1212,1215,1218
331,1221,1222,1223,1224,1225,1226,1227,1230,1231,1232,1235
332,1237
333,1238
334,1239,1240
335,1243,1248,1250,1253,1254,1257,1258,1261,1262,1265
336,1266,1267,1271,1275,1276,1281,1285,1286
337,1289,1296,1299,1300,1303,1304,1306,1307,1308,1309,1310,1315,1317,1321,1323,1325,1326,1329,1330,1332,1339,1340,1341,1342,1345,1346,1347
338,1351,1352,1353,1356,1359
339,1365,1366,1367,1368,1369,1370,1371,1372,1373,1374,1375,1376,1378,1380
340,1381
341,1382
342,1383,1384,1385
343,1387,1388,1389,1390,1391,1392,1393,1394,1395,1397,1398,1399,1400,1401,1402,1403,1404,1405,1406,1407,1408,1409
344,1410,1411,1412,1413,1415,1416,1417,1419,1420,1421,1422,1423,1424,1425,1428,1429,1430,1431
345,1433,1435,1436,1439,1440,1441,1442,1443,1444,1447,1448,1450,1452,1458,1460,1462,1463,1466,1468,1470,1477,1479,1481,1485,1486,1488,1490,1491,1493
346,1495,1496,1497,1498,1499,1500,1501,1502,1503,1504,1505,1506,1507,1508
347,1509,1510,1511,1512,1513,1514,1515,1516,1517,1518,1519,1520,1521,1522,1523,1524
348,1525
349,1526
350,1527,1529
351,1531,1532,1533,1534,1535,1538,1541,1542,1544,1545,1546,1549,1550
352,1554,1555,1556,1557,1559,1560,1561,1562,1563,1564,1565,1566,1567,1568,1569,1571,1572,1573,1574,1575,1576
353,1577,1578,1579,1581,1582,1586,1587,1589,1591,1592,1593,1594,1595,1597,1599,1602,1604,1605,1606,1607,1608,1611,1615,1617,1618,1619,1620,1621,1622,1623,1624,1625,1626,1630,1632,1633,1634,1635,1636,1637
354,1639,1642,1644,1651
355,1653,1654,1658,1662,1663
356,1669
357,1670
358,1671,1673
359,1675,1678,1686,1692,1696
360,1698,1699,1700,1701,1703,1704,1711,1713,1714,1716,1717,1718,1719
361,1721,1722,1723,1729,1730,1733,1734,1736,1742,1743,1744,1746,1747,1748,1750,1751,1752,1753,1754,1755,1757,1758,1759,1761,1762,1763,1765,1766,1767,1769,1770,1771,1772,1773,1776,1778,1780,1781,1782
362,1783,1789
363,1797,1800,1804,1805
364,1813
365,1814
366,1815,1817,1818
367,1819,1820,1823,1827,1832,1836,1839,1840,1841
368,1842
369,1865,1866,1867,1868,1869,1870,1871,1872,1877,1879,1880,1881,1882,1887,1888,1891,1895,1897,1898,1903,1904,1905,1906,1907,1908,1911,1912,1913,1918,1919,1924,1926
370,1927,1930,1934,1937
371,1941,1943,1944,1945,1948,1949,1950,1951,1952,1956
372,1957
373,1958
374,1959,1960,1961,1962
375,1963,1967,1968,1970,1972,1974,1975,1977,1978,1980,1981,1984,1985
376,1986,1991,1995,1997,2003,2007
377,2009,2011,2012,2017,2019,2020,2021,2025,2029,2030,2031,2033,2035,2037,2038,2040,2045,2046,2047,2048,2051,2055,2060,2062,2067,2068
378,2071,2077,2079,2083
379,2085,2086,2087,2088,2089,2091,2092,2093,2095,2096,2097,2098,2099
380,2101
381,2102
382,2103,2106
383,2107,2109,2110,2114,2118,2121,2129
384,2130,2131,2132,2133,2136,2138,2139,2141,2143,2144,2147,2148,2150
385,2153,2155,2158,2160,2164,2171,2172,2175,2176,2179,2181,2188,2192,2196,2198,2200,2207,2208,2211,2212,2213
386,2215,2216,2220,2222,2224,2225,2226,2227,2228
387,2229,2230,2232,2234,2235,2237,2238,2242,2243
388,2245
389,2246
390,2247,2249
391,2251,2252,2253,2254,2256,2257,2258,2259,2261,2263,2266,2267,2268,2269,2271,2272,2273
392,2274,2275,2285,2288,2296
393,2297,2298,2299,2301,2305,2306,2307,2308,2311,2312,2313,2314,2316,2317,2318,2320,2321,2322,2324,2325,2326,2328,2329,2331,2334,2335,2336,2339,2343,2344,2346,2347,2349,2350,2352,2353,2354,2358
394,2359,2360,2361,2362,2364,2365,2366,2367,2370,2371,2372
395,2373,2376,2378,2381,2383,2384,2386,2387
396,2389
397,2390
398,2391,2393
399,2395,2398,2399,2401,2403,2407,2409,2410,2411,2412,2413,2414,2416,2417
400,2418,2419,2424,2425,2426,2427,2428,2429,2430,2432,2434,2435,2437,2438,2439,2440
401,2441,2447,2449,2460,2463,2477,2482,2485
402,2503,2504,2505,2506,2507,2509,2510,2511,2512,2513,2514,2515,2516
403,2517,2518,2519,2520,2521,2522,2523,2524,2525,2526,2527,2528,2529,2530,2531,2532
404,2533
405,2534
406,2535,2536,2537
407,2539,2540,2541,2542,2543,2544,2545,2546,2547,2548,2549,2550,2551,2552,2553,2554,2555,2556,2557,2558,2559,2560,2561
408,2562,2567,2568,2569,2571,2578,2580,2584
409,2585,2586,2587,2588,2589,2591,2592,2593,2594,2595,2596,2597,2598,2599,2601,2602,2603,2604,2605,2606,2608,2609,2610,2611,2612,2613,2614,2616,2617,2618,2619,2620,2621,2622,2623,2624,2625,2626,2627,2629,2630,2631,2632,2633,2634,2635,2636,2637,2638,2639,2640,2641,2642,2643,2644,2645
410,2647,2652,2653,2654,2656
411,2661,2669
412,2677
413,2678
414,2679,2680,2681,2682
415,2683,2702
416,2706,2708,2710,2711,2714,2715,2717,2718,2719,2720,2722,2723,2724,2726,2727
417,2729,2730,2731,2732,2733,2734,2735,2736,2737,2738,2739,2740,2741,2742,2743,2744,2745,2746,2747,2748,2749,2750,2751,2752,2753,2754,2755,2756,2757,2758,2759,2760,2761,2762,2763,2764,2765,2766,2767,2768,2769,2770,2771,2772,2773,2774,2775,2776,2777,2778,2779,2780,2781,2782,2783,2784,2785,2786,2787,2788,2789,2790
418,2791,2792,2793,2798,2799,2800,2803
419,2805,2806,2807,2808,2809,2810,2811,2812,2813,2814,2815,2816,2817,2818,2819,2820
420,2821
421,2822
422,2823,2825,2826
423,2827,2828,2829,2830,2831,2832,2833,2837,2838,2839,2840,2842,2843,2844,2846,2847,2848
424,2850,2855,2858,2859,2860,2861,2862,2863,2864,2865,2866,2867,2868,2869,2870,2871,2872
425,2873,2877,2884,2885,2886,2893,2896,2899,2904,2906,2908,2912,2913,2915,2916,2920,2922,2924,2926,2927
426,2935,2938,2940,2943,2944,2945,2948
427,2949,2952,2953,2955,2959,2964
428,2965
429,2966
430,2967,2968,2969,2970
431,2971,2976,2990,2992
432,2994,2995,2996,2997,2998,3000,3002,3004,3005,3006,3007,3008,3009,3010,3011,3012,3014,3015,3016
433,3017,3018,3019,3022,3026,3032,3035,3037,3038,3039,3040,3041,3042,3043,3046,3047,3049,3050,3051,3054,3055,3059,3060,3063,3065,3066,3071,3074,3076,3078
434,3079,3081,3082,3083,3084,3085,3086,3088,3089,3090,3091,3092
435,3093,3094,3095,3096,3097,3098,3099,3100,3101,3102,3103,3104,3105,3106,3107,3108
436,3109
437,3110
438,3111,3112,3113,3114
439,3115,3117,3120,3122,3125,3126,3128,3130,3131,3133,3135,3136
440,3138,3141,3142,3143,3145,3147,3148,3149,3150,3154,3155,3156,3157,3158
441,3161,3171,3172,3176,3177,3181,3184,3191,3203,3209,3210,3212,3213,3218,3221
442,3223,3225,3226,3231
443,3237,3240,3241,3243,3246
444,3253
445,3254
446,3255,3257
447,3259,3260,3261,3262,3263,3264,3265,3266,3267,3268,3269,3270,3271,3272,3273,3274,3275,3276,3277,3278,3279,3280,3281
448,3282,3283,3284,3294,3296,3299,3300
449,3305,3307,3308,3313,3314,3315,3317,3318,3320,3321,3323,3324,3328,3329,3330,3331,3332,3333,3334,3335,3337,3338,3339,3340,3341,3342,3344,3345,3346,3348,3349,3350,3351,3352,3353,3355,3356,3358,3359,3360,3362,3363,3364,3365
450,3367,3371,3372,3374,3375,3377
451,3381,3382,3383,3385,3386,3387,3388,3389,3390,3391,3392,3394,3395
452,3397
453,3398
454,3399,3400,3402
455,3403,3407,3408,3411,3412,3413,3414,3416,3417,3418,3419,3420,3421,3423,3424,3425
456,3426,3427,3428,3430,3431,3432,3437,3438,3441,3446,3448
457,3449,3451,3453,3456,3457,3458,3460,3464,3465,3466,3469,3471,3472,3473,3474,3476,3477,3478,3479,3480,3482,3483,3487,3488,3489,3490,3491,3494,3496,3497,3500,3501,3502,3504,3505,3506,3507,3508,3509,3510
458,3511,3512,3513,3515,3516,3520,3521,3522,3523,3524
459,3525,3526,3527,3528,3529,3530,3531,3532,3533,3534,3535,3536,3537,3538,3539,3540
460,3541
461,3542
462,3543,3546
463,3547,3548,3549,3553,3554,3555,3556,3557,3558,3560,3561,3563,3565,3566,3567,3568,3569
464,3570,3572,3574,3580,3582,3583,3584,3587,3589,3591
465,3593,3594,3595,3599,3608,3609,3610,3611,3614,3620,3622,3623,3624,3632,3634,3635,3637,3638,3639,3642,3647,3650,3651,3653
466,3655,3663
467,3669,3671,3674,3675,3678,3680,3681,3684
468,3685
469,3686
470,3687,3688,3689,3690
471,3691,3693,3694,3695,3697,3698,3699,3700,3701,3702,3703,3704,3705,3706,3707,3708,3709,3710,3711,3712,3713
472,3714,3715,3716,3717,3719,3720,3721,3722,3723,3724,3725,3726,3727,3728,3729,3730,3731,3732,3733,3734,3736
473,3737,3746,3751,3760,3765,3766,3768,3770,3772,3777,3781,3789,3791,3794,3795,3796
474,3799,3810
475,3813,3815
476,3829
477,3830
478,3831,3833
479,3835,3839,3841,3842,3843,3844,3846,3847,3849,3850,3852,3853,3854,3855,3856,3857
480,3858,3864,3865
481,3881,3884,3886,3890,3892,3895,3910,3913,3920,3927,3929,3933,3936,3937
482,3943,3945,3949,3954
483,3957,3959,3962,3965,3971,3972
484,3973
485,3974
486,3975,3978
487,3979,3981,3989,3994
488,4002,4003,4005,4006,4008,4009,4010,4011,4012,4013,4015,4016,4017,4018,4019,4020,4021,4022,4023,4024
489,4025,4026,4034,4043,4047,4072,4085
490,4087,4088,4089,4092,4093,4094,4095,4096,4097,4098,4099,4100
491,4101,4104,4105,4106,4111,4114
492,4117
493,4118
494,4119,4121,4122
495,4123,4124,4125,4126,4127,4128,4129,4130,4131,4132,4134,4138,4139,4140,4142,4143,4144,4145
496,4146,4147,4148,4149,4151,4152,4153,4154,4156,4157,4159,4160,4161,4162,4167,4168
497,4169,4170,4173,4174,4183,4185,4186,4189,4191,4192,4194,4197,4200,4204,4205,4209,4222,4226,4230
498,4231,4232,4233,4234,4235,4236,4237,4238,4239,4240,4241,4242,4243,4244
499,4245,4246,4247,4248,4251,4252,4253,4254,4255,4256,4257,4258
500,4261
501,4262
502,4263
503,4267,4268,4269,4271,4272,4273,4274,4275,4276,4277,4278,4279,4280,4281,4282,4283,4284,4285,4286,4287,4288,4289
504,4290,4292,4297,4300,4310,4311,4312
505,4313,4315,4316,4317,4318,4319,4320,4321,4322,4323,4324,4325,4326,4327,4329,4330,4331,4332,4334,4337,4338,4340,4341,4342,4344,4346,4348,4349,4350,4352,4356,4357,4358,4360,4361,4362,4363,4365,4367,4369,4370,4371,4372,4373,4374
506,4375,4376,4377,4378,4379,4380,4381,4382,4383,4385,4386
507,4389,4392,4397,4399
508,4405
509,4406
510,4407,4408,4410
511,4411,4413,4414,4415,4419,4420,4426,4427,4429,4430,4432
512,4434,4436,4438,4444,4445,4448,4451,4453,4456
513,4457,4470,4471,4489,4490,4492,4509,4516
514,4519,4520,4522,4523,4524,4525,4526,4527,4532
515,4533,4537,4538,4539,4540,4541,4542,4544,4545,4546,4547,4548
516,4549
517,4550
518,4551,4552,4553,4554
519,4555,4557,4559,4562,4564,4566,4567,4569
520,4578,4579,4580,4585,4586,4591,4592,4599,4600
521,4601,4602,4603,4604,4605,4609,4613,4615,4616,4618,4620,4622,4624,4626,4627,4629,4638,4642,4643,4645,4647,4650,4652,4653,4654,4655,4657,4660,4661
522,4663,4664,4665,4666,4667,4668,4669,4670,4671,4672,4673,4675,4676
523,4677,4678,4679,4680,4682,4685,4691,4692
524,4693
525,4694
526,4695,4696,4698
527,4699,4703,4706,4712,4714,4720
528,4722,4723,4725,4726,4728,4731,4732,4733,4734,4735,4736,4737,4740,4741,4743
529,4745,4746,4748,4749,4750,4751,4752,4753,4754,4755,4756,4757,4760,4761,4762,4763,4764,4766,4767,4769,4770,4771,4773,4774,4775,4776,4777,4778,4779,4780,4781,4783,4784,4785,4787,4789,4790,4791,4794,4795,4796,4797,4798,4799,4800,4801,4802,4804,4805,4806
530,4807,4813,4815
531,4821,4823,4827,4830,4832
532,4837
533,4838
534,4839
535,4843,4846,4854,4855,4856,4861,4862,4865
536,4866,4867,4879
537,4889,4921
538,4951,4955,4956,4957,4958,4959,4962,4963
539,4965,4966,4969,4971,4973,4975,4976,4977,4979
540,4981
541,4982
542,4983,4984,4985,4986
543,4987,4988,4990,4991,4993,4994,4995,4996,4997,5000,5001,5002,5003,5004,5007,5008,5009
544,5010,5011,5012,5013,5014,5015,5019,5020,5022,5023,5027,5028,5029,5030,5032
545,5033,5035,5037,5038,5039,5040,5041,5043,5045,5048,5050,5051,5053,5055,5057,5058,5060,5063,5064,5065,5068,5072,5073,5074,5075,5077,5078,5081,5087,5091,5092,5094
546,5095,5098,5099,5101,5103,5104,5106,5107
547,5109,5110,5111,5113,5114,5115,5116,5117,5118,5119,5120,5121,5122,5123,5124
548,5125
549,5126
550,5127,5129
551,5131,5136,5138,5141,5146,5148,5153
552,5154,5157,5158,5160,5161,5162,5165,5167,5171,5173,5174,5175,5176
553,5177,5180,5182,5186,5188,5197,5198,5204,5207,5211,5213,5214,5215,5216,5217,5220,5221,5225,5233,5236
554,5239,5241,5242,5243,5244,5246,5247,5250,5251,5252
555,5253,5255,5257,5258,5259,5260,5262,5264,5267
556,5269
557,5270
558,5271,5272,5273,5274
559,5275,5276,5278,5280,5281,5282,5283,5285,5286,5289,5292
560,5298,5301,5302,5303,5304,5305,5306,5307,5308,5309,5310,5311,5313,5314,5315,5318,5320
561,5321,5322,5323,5325,5327,5328,5329,5330,5332,5334,5335,5337,5339,5340,5341,5343,5345,5347,5348,5349,5351,5353,5354,5356,5357,5362,5363,5365,5366,5368,5370,5372,5373,5374,5375,5376,5377,5378,5380,5382
562,5383,5386,5389
563,5397,5399,5402,5404,5405,5407,5409,5410,5411,5412
564,5413
565,5414
566,5415,5416,5418
567,5419,5420,5421,5423,5424,5425,5427,5428,5429,5430,5431,5432,5433,5434,5435,5436,5437,5438,5441
568,5442,5445,5447,5448,5449,5453,5454,5455,5456,5460,5462,5464
569,5465,5466,5467,5472,5476,5477,5478,5480,5481,5482,5484,5486,5489,5491,5495,5496,5502,5506,5507,5509,5514,5515,5517,5519,5520,5523,5525,5526
570,5527,5531,5533,5534,5536,5539,5540
571,5541,5542,5544,5545,5546,5547,5548,5549,5550,5551,5552,5553,5554,5555,5556
572,5557
573,5558
574,5559,5560,5561,5562
575,5563,5565,5566,5569,5570,5573,5575,5576,5577,5578,5580,5583,5585
576,5586,5594,5598
577,5609,5610,5611,5612,5613,5614,5615,5616,5617,5618,5619,5620,5621,5622,5623,5624,5625,5626,5627,5628,5629,5630,5631,5633,5634,5635,5636,5637,5638,5639,5640,5642,5643,5644,5645,5646,5647,5648,5650,5651,5652,5653,5654,5655,5656,5657,5658,5659,5662,5663,5665,5666,5668,5669,5670
578,5671,5674,5676,5677,5680,5681
579,5685,5686,5687,5688,5690,5693,5694,5695,5696,5697,5698,5700
580,5701
581,5702
582,5703,5705
583,5707,5710,5717,5719,5721,5724,5725,5728,5729
584,5730,5734,5743,5746,5751
585,5753,5754,5755,5756,5758,5759,5760,5761,5762,5763,5764,5765,5766,5767,5769,5772,5773,5774,5775,5776,5780,5781,5782,5783,5784,5785,5788,5789,5791,5794,5795,5796,5797,5798,5800,5802,5807,5809,5810,5811,5814
586,5815,5817,5818,5819,5820,5821,5825,5826,5827,5828
587,5829,5830,5831,5833,5834,5836,5837,5838,5839,5842,5843
588,5845
589,5846
590,5847,5849
591,5851,5852,5853,5854,5855,5857,5858,5859,5860,5862,5863,5864,5865,5866,5867,5868,5869,5870,5871,5872,5873
592,5874,5876,5892
593,5897,5898,5899,5900,5901,5902,5903,5904,5905,5906,5907,5908,5909,5910,5911,5912,5913,5914,5915,5916,5917,5918,5919,5920,5921,5922,5923,5924,5925,5926,5927,5928,5929,5930,5931,5932,5933,5934,5935,5936,5937,5938,5939,5940,5941,5942,5943,5944,5945,5946,5947,5948,5949,5950,5951,5952,5953,5954,5955,5956,5957,5958
594,5959,5960,5961,5962,5963,5964,5965,5967,5968,5969,5971,5972
595,5973,5979,5981,5986,5988
596,5989
597,5990
598,5991,5992
599,5995,5996,5997,5998,6000,6001,6002,6003,6004,6006,6007,6008,6009,6010,6011,6013,6014,6015,6016
600,6018,6033
601,6041,6042,6043,6044,6045,6046,6047,6048,6049,6050,6051,6053,6054,6055,6057,6058,6060,6061,6062,6064,6065,6066,6070,6072,6073,6074,6075,6076,6077,6079,6080,6081,6082,6083,6084,6085,6087,6088,6089,6090,6091,6092,6093,6094,6095,6096,6097,6098,6099,6100,6101,6102
602,6103,6108,6111
603,6117,6123,6127,6129,6130
604,6133
605,6134
606,6135
607,6139,6148,6155,6158
608,6162,6163,6164,6165,6166,6167,6168,6169,6171,6172,6173,6174,6175,6176,6177,6179,6180,6181,6182,6183,6184
609,6185,6215,6229
610,6247,6248,6249,6251,6252,6253,6256,6257,6258,6259,6260
611,6261,6262,6263,6264,6266,6267,6269,6270,6273,6274,6276
612,6277
613,6278
614,6279,6280,6281,6282
615,6283,6295
616,6306,6308,6309,6312,6313,6315,6316,6319,6320,6321,6322,6324,6325,6326,6328
617,6329,6337,6344,6362,6364,6367,6378,6382
618,6391,6392,6397,6398,6399,6401
619,6405,6418
620,6421
621,6422
622,6423,6426
623,6427,6429,6430,6431,6432,6433,6434,6435,6436,6437,6438,6439,6440,6441,6442,6443,6444,6445,6446,6447,6449
624,6450,6451,6452,6453,6456,6457,6458,6459,6460,6461,6462,6463,6465,6466,6467,6468,6469,6470,6471,6472
625,6473,6474,6475,6476,6477,6478,6479,6480,6481,6482,6483,6484,6485,6486,6487,6488,6489,6490,6491,6492,6493,6494,6495,6496,6497,6498,6499,6500,6502,6503,6504,6505,6506,6507,6508,6509,6510,6511,6512,6513,6514,6515,6516,6517,6518,6519,6520,6521,6522,6523,6524,6525,6526,6527,6528,6529,6530,6531,6532,6533,6534
626,6535,6536,6537,6538,6539,6540,6541,6543,6544,6545,6546,6547,6548
627,6549,6560,6564
628,6565
629,6566
630,6567,6568,6569,6570
631,6571,6576,6579,6580,6581,6584,6588
632,6594,6597,6599,6600,6601,6603,6604,6608,6609,6611,6613,6614,6615
633,6617,6618,6619,6620,6622,6623,6625,6626,6627,6628,6629,6630,6631,6632,6634,6635,6636,6637,6641,6642,6643,6644,6648,6650,6651,6652,6657,6658,6660,6662,6663,6666,6667,6668,6670,6671,6674,6675,6677
634,6679,6680,6685,6687,6690
635,6693,6694,6695,6696,6697,6698,6699,6700,6701,6702,6703,6704,6705,6706,6707,6708
636,6709
637,6710
638,6711,6712,6713,6714
639,6715,6716,6717,6718,6719,6720,6721,6722,6723,6724,6725,6726,6727,6729,6731,6732,6735
640,6738,6740,6742,6747,6752
641,6761,6764,6767,6769,6773,6776,6778,6785,6789,6795,6797,6803,6804,6807,6813,6816,6821,6822
642,6823,6824,6825,6826,6828,6829,6830,6831,6832,6833,6834,6835,6836
643,6837,6838,6840,6841,6842,6843,6844,6845,6846,6848,6849,6850,6851,6852
644,6853
645,6854
646,6855,6856,6857,6858
647,6859,6864,6866,6869,6872,6874,6875,6878,6881
648,6882,6884,6887,6889,6893,6894,6897,6898,6899,6904
649,6905,6906,6907,6908,6909,6910,6911,6912,6913,6914,6915,6916,6917,6918,6919,6920,6921,6922,6923,6924,6925,6926,6927,6928,6929,6930,6931,6932,6933,6934,6935,6936,6937,6938,6939,6940,6941,6942,6943,6944,6945,6946,6947,6948,6949,6950,6951,6952,6953,6954,6955,6956,6957,6958,6959,6960,6961,6962,6963,6964,6965,6966
650,6967,6969,6980
651,6981,6983,6984,6985,6986,6987,6988,6989,6990,6991,6992,6994,6995
652,6997
653,6998
654,6999,7002
655,7003,7015,7022
656,7026,7027,7028,7030,7032,7033,7039,7043,7044,7045,7046,7047,7048
657,7049,7050,7052,7053,7054,7055,7056,7057,7058,7059,7061,7062,7063,7064,7065,7066,7067,7068,7070,7072,7074,7076,7077,7078,7079,7080,7081,7082,7084,7085,7086,7087,7088,7089,7091,7092,7093,7095,7097,7098,7100,7101,7102,7103,7105,7107,7108,7109,7110
658,7111,7113,7115,7117,7118,7119,7120,7122,7123
659,7125,7126,7127,7129,7130,7131,7133,7134,7135,7136,7137,7138,7139
660,7141
661,7142
662,7143
663,7147,7148,7153,7155,7161,7165,7167,7169
664,7170,7171,7175,7188
665,7193,7194,7196,7197,7198,7200,7201,7202,7204,7205,7206,7207,7209,7210,7213,7215,7217,7218,7220,7221,7222,7223,7224,7226,7228,7229,7230,7232,7233,7234,7235,7238,7239,7240,7241,7242,7243,7245,7246,7247,7248,7249,7250,7251,7252
666,7255,7259,7266
667,7269,7271,7272,7278,7282,7284
668,7285
669,7286
670,7287,7289,7290
671,7291,7302,7304,7305,7312,7313
672,7314,7315,7316,7317,7318,7319,7320,7321,7322,7323,7324,7325,7326,7327,7328,7329,7330,7331,7332,7333,7334,7335,7336
673,7337,7338,7339,7340,7341,7342,7343,7344,7345,7346,7347,7348,7349,7350,7351,7352,7353,7354,7355,7356,7357,7358,7359,7360,7361,7362,7363,7364,7365,7366,7368,7369,7370,7371,7373,7375,7376,7377,7378,7379,7380,7381,7382,7384,7385,7386,7387,7388,7389,7390,7391,7392,7393,7394,7395,7396,7397,7398
674,7399,7400,7401,7402,7403,7406,7407,7408,7409,7410,7411,7412
675,7413,7414,7416,7417,7422,7423,7424,7425,7426
676,7429
677,7430
678,7431,7432,7433,7434
679,7435,7444,7449
680,7458,7459,7460,7463,7465,7466,7471,7474,7477,7478,7479
681,7481,7486,7487,7488,7489,7491,7493,7496,7498,7500,7504,7505,7508,7510,7513,7517,7518,7519,7522,7524,7525,7526,7527,7532,7537,7539,7542
682,7543,7544,7545,7546,7548,7550,7551,7552,7553,7554,7555,7556
683,7557,7561,7562,7564,7565,7567,7568,7569,7570,7572
684,7573
685,7574
686,7575,7576,7577,7578
687,7579,7580,7581,7582,7583,7586,7587,7588,7589,7591,7592,7593,7594,7595,7596,7597,7598,7599,7601
688,7602,7607,7610,7611,7613,7615,7616,7619
689,7625,7626,7627,7628,7629,7630,7631,7632,7633,7634,7635,7636,7637,7638,7639,7640,7641,7642,7643,7644,7645,7646,7647,7648,7649,7650,7651,7652,7653,7654,7655,7656,7657,7658,7659,7660,7661,7662,7663,7664,7665,7666,7667,7668,7669,7670,7671,7672,7673,7674,7675,7676,7677,7678,7679,7680,7681,7682,7683,7684,7685,7686
690,7687,7688,7689,7690,7693,7694,7695,7696,7697,7698,7699,7700
691,7701,7703,7704,7705,7706,7707,7708,7709,7710,7712,7713,7715
692,7717
693,7718
694,7719,7720,7721
695,7723,7731,7732,7738,7739,7741,7742
696,7746,7747,7748,7749,7750,7751,7753,7754,7755,7756,7757,7758,7759,7760,7761,7762,7763,7764,7765,7767,7768
697,7769,7771,7772,7774,7775,7776,7777,7778,7780,7781,7782,7783,7784,7785,7786,7787,7788,7789,7790,7791,7792,7793,7794,7795,7796,7797,7798,7799,7801,7802,7803,7804,7805,7809,7810,7811,7812,7814,7815,7816,7817,7818,7820,7822,7823,7824,7825,7826,7827,7828,7829
698,7831,7832,7833,7834,7835,7837,7838,7840,7842,7844
699,7845,7846,7847,7848,7850,7851,7852,7853,7854,7855,7856,7858
700,7861
701,7862
702,7863,7864,7865,7866
703,7867,7868,7869,7870,7871,7872,7873,7874,7875,7876,7877,7878,7879,7880,7881,7882,7883,7884,7885,7886,7887,7888,7889
704,7890,7891,7892,7895,7896,7897,7898,7900,7903,7906,7907,7908,7909,7910,7911,7912
705,7913,7932,7943
706,7975,7976,7977,7978,7981,7982,7983,7984,7985,7986
707,7989,7996
708,8005
709,8006
710,8007,8008
711,8011,8023
712,8034,8035,8036,8037,8038,8039,8040,8041,8042,8043,8044,8045,8047,8048,8049,8051,8052,8053,8054,8055,8056
713,8057,8067,8069,8111
714,8119,8125,8129,8130
715,8133,8134,8135,8138,8139,8140,8142,8143
716,8149
717,8150
718,8151,8153
719,8155,8157,8159,8160,8161,8163,8164,8165,8166,8167,8168,8169,8170,8172,8174,8176,8177
720,8178,8180,8181,8186,8193,8194,8196
721,8201,8238,8256,8259
722,8263,8265,8266,8267,8269,8271,8273,8274,8275
723,8277,8279,8282,8285
724,8293
725,8294
726,8295,8296,8297,8298
727,8299,8300,8301,8302,8303,8304,8305,8307,8308,8310,8311,8312,8314,8315,8317,8318,8321
728,8322,8323,8324,8325,8326,8327,8328,8330,8331,8332,8333,8335,8336,8337,8338,8339,8340,8341,8342,8343
729,8345,8347,8348,8351,8354,8357,8358,8359,8360,8362,8364,8367,8384,8385,8389,8390,8401,8402
730,8407,8410,8412
731,8421,8424,8425,8429,8433,8435
732,8437
733,8438
734,8439,8442
735,8443,8444,8446,8447,8449,8451,8453,8454,8455,8457,8459,8460,8461,8462,8464
736,8466,8467,8469,8471,8481
737,8489,8490,8491,8492,8495,8497,8498,8499,8501,8502,8503,8505,8507,8508,8510,8511,8512,8516,8517,8518,8521,8525,8528,8530,8532,8534,8536,8537,8538,8540,8541,8544,8545,8547,8548,8549,8550
738,8551,8552,8556,8560
739,8565,8567,8568,8569,8570,8574,8575,8577,8578,8579,8580
740,8581
741,8582
742,8583
743,8587,8589,8591,8594,8597,8599,8600,8601,8603,8604,8607,8609
744,8610,8611,8612,8613,8615,8621,8622,8623,8625,8626,8631,8632
745,8633,8639,8640,8642,8644,8647,8648,8650,8651,8652,8653,8654,8656,8659,8661,8664,8665,8672,8677,8678,8679,8683,8684,8688,8694
746,8695,8700,8702,8703,8704,8705
747,8709,8710,8711,8712,8713,8714,8715,8716,8717,8718,8719,8720,8721,8722,8723,8724
748,8725
749,8726
750,8727,8730
751,8731,8738
752,8754,8758,8761,8769,8770,8771
753,8777,8778,8780,8782,8783,8785,8786,8787,8789,8790,8791,8793,8794,8796,8798,8800,8802,8804,8805,8807,8808,8810,8813,8814,8816,8817,8818,8821,8822,8824,8825,8826,8827,8828,8829,8830,8832,8834,8835,8836,8837,8838
754,8839,8841,8843,8850,8851
755,8853,8855,8859,8862,8863,8864,8865,8866
756,8869
757,8870
758,8871,8872,8873,8874
759,8875,8876,8877,8878,8888,8889,8890,8892,8893,8896,8897
760,8898,8902,8903,8911,8912,8915,8917,8919,8920
761,8921,8924,8927,8929,8930,8931,8932,8934,8935,8937,8938,8940,8941,8943,8944,8945,8946,8947,8949,8950,8952,8953,8955,8956,8958,8960,8968,8970,8971,8972,8973,8974,8975,8976,8977,8979
762,8983,8985,8990,8992,8993,8995
763,8997,8998,8999,9000,9002,9003,9004,9007,9008,9011,9012
764,9013
765,9014
766,9015,9016,9017
767,9019,9023,9025,9026,9027,9029,9030,9032,9033,9034,9035,9036,9037,9039,9041
768,9042,9043,9044,9045,9046,9047,9048,9049,9051,9052,9053,9054,9055,9056,9057,9058,9059,9060,9061,9062,9063,9064
769,9065,9067,9069,9075,9078,9084,9088,9093,9097,9103,9104,9106,9108,9114,9126
770,9127,9140
771,9141,9144,9145,9146,9148,9149,9151,9153,9154,9155
772,9157
773,9158
774,9159
775,9163,9165,9167,9169,9171,9172,9176,9177,9178,9182
776,9186,9188,9190,9191,9195,9200
777,9209,9210,9211,9212,9214,9215,9217,9218,9219,9220,9221,9222,9227,9228,9232,9233,9234,9235,9236,9237,9238,9239,9242,9244,9246,9248,9252,9253,9254,9256,9257,9258,9259,9260,9262,9263,9266,9267,9269,9270
778,9271,9272,9273,9275,9280,9281,9282
779,9285,9286,9288
780,9301
781,9302
782,9303,9306
783,9307,9308,9309,9310,9311,9312,9313,9314,9315,9316,9318,9319,9321,9322,9323,9324,9325,9326,9327,9328,9329
784,9330,9332,9343,9344,9346
785,9353,9354,9355,9356,9357,9358,9359,9360,9361,9362,9363,9364,9365,9366,9367,9368,9369,9370,9371,9372,9373,9374,9375,9376,9377,9379,9380,9381,9382,9383,9384,9385,9386,9387,9388,9389,9390,9391,9392,9393,9394,9395,9396,9397,9398,9399,9400,9401,9402,9403,9404,9405,9406,9407,9408,9409,9410,9411,9412,9413,9414
786,9415,9418,9419,9420,9421,9422,9424,9425,9426
787,9429,9434,9438,9439,9442
788,9445
789,9446
790,9447,9448
791,9451,9452,9453,9454,9455,9456,9457,9458,9460,9462,9463,9464,9465,9466,9467,9468,9469,9470,9471,9472,9473
792,9474,9476,9478,9490,9496
793,9497,9498,9499,9512,9521,9526,9527,9528,9537,9538,9547,9549,9551,9554,9556
794,9559,9560,9566,9567,9570,9571
795,9573,9576,9583,9587
796,9589
797,9590
798,9591,9592,9593,9594
799,9595,9596,9598,9600,9601,9602,9603,9604,9606,9607,9608,9611,9612,9613,9614,9615,9616,9617
800,9618,9619,9621,9623,9633,9634,9636,9638,9639,9640
801,9641,9643,9650,9651,9654,9655,9656,9657,9658,9661,9665,9667,9676,9677,9680,9681,9683,9685,9689,9696,9698
802,9703,9704,9708,9709,9715,9716
803,9717,9718,9719,9721,9723,9725,9726,9727,9728,9730,9732
804,9733
805,9734
806,9735,9736,9737,9738
807,9739,9740,9741,9742,9743,9744,9746,9748,9749,9750,9752,9753,9755,9756,9757,9759,9760,9761
808,9762,9766,9775,9776,9777,9784
809,9785,9793,9794,9797,9799,9807,9817,9819,9820,9825,9837,9844
810,9847,9848,9849,9850,9851,9852,9853,9854,9855,9856,9857,9858,9859,9860
811,9861,9863,9864
812,9877
813,9878
814,9879,9880,9881,9882
815,9883,9891,9899
816,9906,9910,9913,9914,9918,9921,9928
817,9929,9931,9933,9941,9948,9950,9953,9958,9964,9968,9985
818,9991,9992,10000,10001,10003
819,10005,10007,10008,10015,10017,10018,10019
820,10021
821,10022
822,10023,10025
823,10027,10035,10037,10038,10044
824,10050,10051,10052,10055,10058,10060,10061,10062,10065,10068,10069,10070
825,10073,10074,10075,10076,10077,10078,10080,10081,10082,10084,10086,10087,10088,10089,10090,10091,10092,10093,10094,10095,10096,10097,10099,10100,10101,10102,10103,10104,10105,10106,10107,10108,10109,10110,10111,10112,10113,10114,10115,10116,10117,10118,10119,10121,10122,10123,10124,10125,10126,10127,10128,10129,10130,10131,10132,10133,10134
826,10135,10136,10137,10138,10140,10142,10144,10145
827,10149,10150,10151,10152,10153,10154,10155,10156,10157,10158,10159,10160,10161,10163,10164
828,10165
829,10166
830,10167,10168,10169
831,10171,10173,10177,10178,10180,10182,10186,10188,10189,10191
832,10194,10199,10202,10205,10207,10208,10211
833,10217,10220,10221,10223,10225,10226,10227,10230,10231,10232,10233,10234,10235,10237,10238,10241,10246,10250,10252,10253,10257,10258,10259,10261,10262,10263,10264,10265,10266,10267,10269,10271,10272,10273,10274,10275,10277,10278
834,10279,10280,10281,10282,10284,10285,10287,10288,10289,10290,10291,10292
835,10293,10294,10296,10299,10303,10304,10306,10307
836,10309
837,10310
838,10311,10312
839,10315,10316,10317,10318,10319,10320,10321,10322,10323,10324,10325,10326,10327,10328,10329,10330,10332,10333,10334,10336,10337
840,10338,10341,10342,10343,10344,10345,10346,10348,10349,10350,10351,10352,10353,10354,10355,10357,10358,10359,10360
841,10361,10362,10363,10364,10365,10366,10367,10368,10369,10370,10371,10372,10375,10376,10377,10378,10379,10380,10381,10382,10383,10384,10385,10386,10387,10388,10389,10392,10393,10394,10396,10397,10398,10399,10401,10402,10404,10405,10406,10408,10409,10410,10411,10412,10413,10414,10416,10417,10418,10419,10420,10421,10422
842,10423,10426,10427,10431,10433
843,10437
844,10453
845,10454
846,10455,10456,10457,10458
847,10459,10460,10471,10474,10475,10476,10478,10480
848,10482,10484,10485,10486,10489,10490,10491,10492,10493,10494,10496,10497,10498,10499,10500,10502,10504
849,10505,10506,10508,10509,10510,10511,10512,10513,10514,10515,10516,10517,10518,10519,10520,10521,10522,10523,10524,10525,10526,10527,10528,10529,10530,10531,10532,10533,10534,10535,10536,10537,10538,10539,10540,10541,10542,10543,10544,10545,10546,10547,10548,10549,10550,10551,10552,10553,10554,10555,10556,10557,10558,10559,10560,10561,10562,10563,10564,10565,10566
850,10567,10569,10570,10571,10577,10578
851,10581,10583,10585,10588,10590,10591,10592,10593
852,10597
853,10598
854,10599,10600,10602
855,10603,10606,10608,10612,10613,10614,10616,10618,10621,10622,10625
856,10626,10644
857,10649,10675,10678,10687,10693
858,10711,10712,10713,10715,10716,10717,10719,10720,10722,10723,10724
859,10725,10726,10728,10729,10730,10731,10732,10733,10734,10736,10738,10739,10740
860,10741
861,10742
862,10743,10746
863,10747,10749,10750,10751,10752,10753,10754,10755,10756,10758,10760,10761,10762,10763,10764,10765,10766,10767,10768,10769
864,10770,10774,10785,10788
865,10793,10797,10813,10820,10821,10824,10826,10829,10831,10835,10836,10847,10849,10850
866,10855,10856,10857,10858,10859,10860,10861,10862,10863,10865,10866,10867,10868
867,10869,10871,10873,10874,10875,10876,10879,10880
868,10885
869,10886
870,10887,10888
871,10891,10892,10893,10894,10895,10896,10897,10899,10900,10901,10902,10903,10904,10905,10906,10907,10908,10909,10910,10911,10912,10913
872,10914,10915,10916,10917,10918,10920,10921,10922,10924,10925,10926,10927,10928,10929,10930,10931,10932,10933,10934,10935,10936
873,10937,10939,10940,10941,10942,10943,10944,10946,10948,10949,10950,10951,10955,10956,10957,10958,10959,10960,10964,10967,10969,10972,10973,10975,10978,10979,10980,10981,10984,10985,10988,10989,10990,10991,10993,10995
874,10999,11001,11002,11007,11010,11011
875,11013,11014,11016,11018,11020,11023,11024,11025,11026,11027
876,11029
877,11030
878,11031,11033
879,11035,11036,11038,11040,11043,11044,11045,11046,11047,11048,11051,11052,11053,11054
880,11058,11059,11060,11061,11062,11063,11064,11065,11066,11067,11069,11070,11071,11072,11073,11074,11075,11076,11077,11078,11079,11080
881,11081,11098,11104,11105,11118,11120
882,11143,11144,11149,11150,11153,11155,11156
883,11157,11158,11162,11163,11164,11165,11166,11167,11168,11169,11170,11171
884,11173
885,11174
886,11175,11176,11177,11178
887,11179,11180,11181,11182,11185,11186,11188,11189,11190,11191,11193,11194,11196,11197,11199,11200,11201
888,11202,11205,11206,11207,11208,11209,11210,11211,11212,11213,11215,11216,11217,11218,11219,11220,11221,11222,11223,11224
889,11225,11227,11229,11230,11235,11239,11243,11247,11249,11252,11257,11258,11260,11265,11269,11273,11275,11276,11278,11282
890,11287,11288,11290,11293,11294,11295,11297,11298,11299,11300
891,11301,11302,11303,11304,11305,11306,11308,11310,11311,11312,11313,11314,11315,11316
892,11317
893,11318
894,11319,11320,11322
895,11323,11326,11327,11328,11329,11331,11332,11333,11334,11335,11336,11338,11341,11342,11343,11344,11345
896,11346,11351,11358
897,11369,11370,11371,11372,11373,11374,11375,11376,11378,11379,11380,11382,11383,11384,11385,11386,11387,11388,11389,11390,11391,11392,11393,11394,11395,11396,11397,11398,11399,11400,11401,11402,11403,11404,11406,11407,11408,11409,11410,11411,11412,11413,11415,11416,11417,11418,11419,11420,11421,11422,11423,11424,11425,11426,11427,11429,11430
898,11431,11441
899,11445,11446,11447,11448,11449,11450,11451,11452,11453,11454,11455,11456,11457,11459,11460
900,11461
901,11462
902,11463,11465,11466
903,11467,11472,11476
904,11490,11495,11500,11502,11503,11509,11512
905,11513,11514,11515,11517,11521,11522,11523,11525,11526,11533,11535,11537,11538,11539,11541,11542,11543,11548,11553,11556,11557,11559,11561,11563,11565,11566,11569,11570,11571,11573,11574
906,11575,11576,11577,11578,11579,11580,11581,11582,11583,11584,11585,11586,11588
907,11589,11598,11601,11603
908,11605
909,11606
910,11607,11608,11609,11610
911,11611,11612,11613,11614,11617,11618,11619,11620,11621,11622,11623,11625,11626,11627,11630,11631,11632,11633
912,11634,11635,11636,11637,11638,11640,11641,11643,11645,11646,11647,11648,11649,11651,11652,11653,11654,11655,11656
913,11657,11659,11660,11664,11669,11678,11679,11680,11687,11708,11716,11717
914,11719,11720,11721,11722,11723,11724,11725,11726,11727,11728,11729,11730,11731,11732
915,11733,11735,11736,11737,11738,11741,11742,11743,11744,11745,11746,11747
916,11749
917,11750
918,11751,11752,11754
919,11755,11757,11760,11761,11764,11765,11766,11769,11771,11773,11775
920,11778,11781,11783,11786,11787,11788,11789,11790,11791,11792,11793,11794,11796,11798,11800
921,11801,11802,11805,11806,11808,11809,11810,11811,11813,11814,11815,11816,11817,11818,11820,11821,11822,11823,11824,11826,11827,11828,11829,11830,11832,11834,11835,11836,11837,11838,11841,11842,11843,11844,11850,11851,11852,11853,11854,11855,11856,11858,11860,11861,11862
922,11863,11864,11865,11866,11867,11868,11869,11870,11871,11872,11873,11874,11875,11876
923,11877,11880,11882,11883,11885,11886,11888,11890,11892
924,11893
925,11894
926,11895,11897,11898
927,11899,11900,11901,11902,11903,11904,11905,11906,11907,11908,11909,11910,11911,11912,11913,11914,11916,11917,11918,11919
928,11922,11924,11925,11926,11928,11929,11931,11932,11933,11934,11935,11936,11937,11938,11940,11941,11944
929,11945,11957,11965,11976,11989,11990,11993,11994,12006
930,12007,12008,12009,12010,12011,12014,12015,12017,12019,12020
931,12021,12024,12028,12029,12030,12032,12033,12034
932,12037
933,12038
934,12039,12040,12041,12042
935,12043,12056,12059,12061
936,12066,12069,12070,12071,12073,12075,12076,12077,12078,12079,12080,12081,12084,12085,12088
937,12089,12090,12091,12092,12093,12094,12095,12096,12097,12098,12099,12100,12101,12102,12103,12104,12105,12106,12107,12108,12109,12110,12111,12112,12113,12114,12115,12116,12117,12119,12120,12121,12122,12123,12124,12125,12126,12127,12128,12129,12130,12131,12132,12133,12134,12135,12136,12137,12138,12139,12140,12141,12142,12143,12144,12145,12146,12147,12148,12149,12150
938,12151,12152,12156,12164
939,12165,12166,12173,12175,12176
940,12181
941,12182
942,12183,12184,12185,12186
943,12187,12189
944,12210,12215,12216,12218,12222,12228,12230
945,12233,12235,12236,12237,12238,12239,12240,12241,12242,12244,12246,12248,12250,12251,12252,12253,12254,12255,12256,12257,12258,12259,12261,12262,12263,12264,12265,12266,12267,12268,12269,12272,12273,12274,12276,12278,12279,12281,12282,12283,12284,12285,12286,12287,12288,12289,12291,12293,12294
946,12295,12296,12297,12299,12300,12302,12303,12304,12305,12306,12308
947,12309,12310,12321,12323
948,12325
949,12326
950,12327,12329
951,12331,12334,12335,12336,12337,12342,12344,12345,12346,12348,12349,12351,12352,12353
952,12354,12355,12360,12362,12364,12369
953,12377,12379,12380,12382,12385,12386,12389,12392,12395,12397,12402,12404,12408,12410,12412,12413,12416,12417,12419,12420,12422,12425,12428,12429,12430,12431,12433,12434,12437,12438
954,12439,12441,12445,12446,12452
955,12453,12454,12467
956,12469
957,12470
958,12471,12472,12473,12474
959,12475,12476,12477,12478,12480,12481,12482,12483,12484,12485,12486,12487,12488,12489,12490,12491,12493,12494,12495,12496,12497
960,12498,12500,12501,12504,12509,12510,12511,12513,12515,12518,12520
961,12521,12529,12530,12531,12532,12535,12538,12539,12540,12541,12542,12543,12544,12551,12552,12553,12558,12561,12563,12564,12568,12570,12572,12574,12575,12578,12579
962,12583,12584,12585,12586,12587,12588,12589,12590,12591,12592,12595,12596
963,12597,12598,12600,12601,12602,12603,12604,12605,12607,12609
964,12613
965,12614
966,12615,12616
967,12619,12622,12623,12626,12628,12629,12630,12631,12633,12635,12638,12639,12640
968,12642,12643,12645,12646,12647,12648,12649,12650,12652,12653,12654,12655,12656,12657,12659,12660,12663,12664
969,12665,12667,12668,12670,12671,12672,12673,12674,12675,12676,12677,12678,12679,12680,12681,12682,12683,12684,12685,12686,12687,12688,12689,12690,12691,12692,12693,12694,12695,12696,12697,12698,12699,12700,12702,12703,12704,12705,12706,12707,12708,12709,12710,12711,12712,12713,12714,12715,12716,12717,12718,12719,12720,12721,12722,12723,12724,12725,12726
970,12727,12728,12732,12733,12737,12738
971,12741,12742,12743,12745,12746,12747,12748,12750,12752,12755
972,12757
973,12758
974,12759,12760,12761,12762
975,12763,12765,12767,12768,12771,12772,12773,12775,12780,12781
976,12786,12787,12788,12789,12790,12791,12793,12794,12795,12797,12799,12804,12805,12806,12807
977,12809,12810,12811,12812,12814,12817,12818,12819,12823,12825,12826,12827,12829,12830,12831,12832,12833,12834,12835,12836,12837,12839,12840,12841,12842,12843,12844,12845,12846,12848,12849,12850,12852,12853,12854,12855,12856,12857,12858,12860,12861,12862,12863,12865,12868,12870
978,12871,12877,12883
979,12885,12886,12887,12891,12892,12893,12894,12896,12897,12898,12899
980,12901
981,12902
982,12903
983,12907,12908,12910,12911,12912,12914,12916,12919,12921,12922,12925,12926,12928,12929
984,12930,12931,12932,12933,12934,12935,12936,12937,12938,12939,12940,12941,12944,12945,12946,12947,12948,12949,12950,12951,12952
985,12953,12967,12971,12976,12988,12989,13000,13001,13005
986,13015,13017,13019,13021,13022,13023,13024,13025,13026
987,13029,13030,13033,13034,13035,13037,13040,13041,13044
988,13045
989,13046
990,13047,13048,13049,13050
991,13051,13053,13056,13057,13060,13062,13063,13064,13065,13066,13067,13068,13070,13071
992,13074,13078,13080,13081,13084,13085,13086,13087,13088,13089,13090,13091,13093,13094,13096
993,13097,13101,13117
994,13159,13160,13161,13162,13163,13164,13165,13166,13170,13172
995,13173,13174,13175,13176,13178,13179,13180,13181,13182,13183,13184,13185,13186,13187,13188
996,13189
997,13190
998,13191,13192
999,13195,13198,13202,13213
1000,13218,13221,13222,13223,13226,13227,13229,13230,13232,13235,13236,13239
1001,13241,13244,13247,13250,13251,13252,13254,13256,13260,13261,13265,13267,13271,13272,13273,13274,13275,13276,13277,13278,13279,13280,13282,13291,13296,13299
1002,13303,13308,13310,13312,13315,13316
1003,13317,13318,13319,13320,13322,13323,13324,13326,13328,13331,13332
1004,13333
1005,13334
1006,13335,13338
1007,13339,13340,13341,13342,13343,13344,13345,13348,13349,13350,13351,13352,13353,13354,13355,13356,13357,13358,13359,13360,13361
1008,13362,13365,13366,13367,13369,13375,13376,13380,13381,13384
1009,13385,13389,13394,13446
1010,13447,13449,13451,13453,13456
1011,13461,13468,13469,13470,13473,13474
1012,13477
1013,13478
1014,13479,13481,13482
1015,13483,13490,13495
1016,13506,13511,13513,13516,13518,13523,13527
1017,13529,13535,13536,13539,13540,13542,13545,13546,13549,13550,13552,13553,13554,13558,13560,13561,13562,13564,13565,13566,13567,13569,13570,13572,13573,13575,13576,13578,13579,13580,13581,13582,13583,13584,13585,13586,13588,13590
1018,13591,13596
1019,13605,13606,13607,13609,13610,13614,13615,13620
1020,13621
1021,13622
1022,13623,13625
1023,13627,13630
1024,13650,13651,13652,13653,13654,13656,13657,13658,13659,13660,13661,13662,13663,13664,13665,13666,13667,13668,13669,13670,13671,13672
1025,13673,13677,13683,13696,13702,13721,13724
1026,13735,13739,13740,13744,13746,13748
1027,13749,13751,13755,13760,13764
1028,13765
1029,13766
1030,13767,13768,13770
1031,13771,13773,13777,13778,13779,13780,13781,13783,13785,13786,13789,13790,13792,13793
1032,13794,13796,13797,13802,13803,13805,13807,13813,13815,13816
1033,13817,13819,13820,13821,13823,13828,13833,13837,13839,13841,13842,13845,13846,13850,13853,13860,13861,13863,13866,13869,13877,13878
1034,13879,13880,13881,13882,13883,13884,13885,13886,13887,13888,13889,13890,13891,13892
1035,13893,13898,13900,13902,13903,13908
1036,13909
1037,13910
1038,13911,13912,13913
1039,13915,13922,13925,13932,13933
1040,13938,13941,13946,13947,13949,13950
1041,13961,13964,13965,13966,13967,13968,13969,13970,13971,13972,13974,13978,13979,13980,13981,13983,13984,13985,13986,13987,13988,13989,13992,13993,13994,13995,13996,13997,13998,13999,14000,14001,14003,14006,14008,14009,14010,14011,14012,14013,14014,14015,14016,14017,14018,14019,14020,14021,14022
1042,14023,14024,14026,14027,14028,14032,14034,14035,14036
1043,14037,14041,14044,14046,14048,14052
1044,14053
1045,14054
1046,14055,14056,14057,14058
1047,14059,14060,14061,14062,14063,14064,14066,14067,14068,14069,14071,14072,14073,14074,14075,14076,14077,14080,14081
1048,14082,14083,14087,14088,14089,14091,14092,14093,14095,14096,14097,14098,14099,14100,14101,14102,14103,14104
1049,14105,14107,14108,14109,14111,14112,14113,14114,14116,14117,14118,14120,14122,14123,14125,14126,14128,14131,14133,14134,14135,14137,14141,14142,14144,14145,14146,14149,14150,14152,14154,14156,14157,14159,14161,14164,14165,14166
1050,14167,14168,14170,14171,14172,14173,14174,14175,14176,14177,14178,14179
1051,14181,14184,14196
1052,14197
1053,14198
1054,14199,14201,14202
1055,14203,14204,14205,14206,14207,14208,14210,14211,14212,14213,14214,14215,14216,14217,14218,14219,14220,14221,14222,14223,14224,14225
1056,14226,14229,14238,14243,14246,14247
1057,14249,14250,14251,14252,14253,14254,14255,14256,14257,14259,14260,14261,14262,14263,14264,14265,14266,14267,14268,14269,14270,14271,14272,14273,14274,14275,14276,14277,14278,14279,14280,14281,14282,14283,14284,14285,14286,14287,14288,14289,14290,14291,14292,14293,14294,14295,14296,14297,14298,14299,14300,14301,14302,14303,14304,14305,14306,14307,14308,14309,14310
1058,14311,14312,14313,14314,14315,14316,14317,14318,14319,14320,14321,14322,14323,14324
1059,14325,14326,14328,14329,14335,14338
1060,14341
1061,14342
1062,14343,14344,14346
1063,14347,14349,14350,14351,14353,14354,14356,14357,14358,14359,14360,14362,14363,14364,14367,14368
1064,14370,14371,14372,14373,14375,14376,14377,14379,14380,14381,14382,14383,14384,14385,14386,14387,14388,14389,14390,14391,14392
1065,14393,14394,14398,14399,14401,14402,14403,14404,14405,14406,14409,14410,14411,14412,14413,14414,14415,14416,14418,14419,14420,14421,14422,14423,14424,14425,14426,14428,14430,14431,14434,14435,14436,14437,14438,14439,14440,14443,14444,14446,14448,14449,14450,14451,14452,14453,14454
1066,14455,14457,14467
1067,14469,14471,14472,14475,14477,14478,14479,14480,14481,14482,14484
1068,14485
1069,14486
1070,14487,14488,14489
1071,14491,14494,14495,14497,14499,14502,14503,14504,14510
1072,14514,14520,14526,14527,14532,14535
1073,14537,14538,14539,14540,14541,14542,14543,14544,14545,14546,14547,14548,14549,14550,14551,14552,14553,14554,14555,14556,14557,14558,14559,14560,14561,14562,14563,14564,14565,14567,14568,14569,14570,14571,14572,14573,14574,14575,14576,14577,14578,14579,14580,14581,14582,14583,14584,14585,14586,14587,14588,14589,14590,14591,14592,14593,14594,14595,14596,14597,14598
1074,14599,14605
1075,14613,14615,14622
1076,14629
1077,14630
1078,14631,14632,14633,14634
1079,14635,14636,14638,14639,14640,14641,14642,14643,14644,14645,14646,14647,14649,14650,14651,14652,14653,14655,14656,14657
1080,14658,14660,14664,14666,14670,14671,14672,14675,14676,14678,14679,14680
1081,14681,14682,14687,14693,14694,14695,14699,14701,14705,14706,14707,14709,14711,14712,14714,14715,14721,14726,14728,14729,14730,14731,14733,14741,14742
1082,14743,14744,14749,14750,14751
1083,14757,14759,14761,14762,14763,14764,14765,14766,14767,14768,14769,14770,14771,14772
1084,14773
1085,14774
1086,14775,14777
1087,14779,14780,14783,14784,14786,14787,14788,14790,14791,14792,14793,14794,14795,14796,14797,14798,14800,14801
1088,14802,14803,14805,14806,14808,14809,14810,14811,14814,14816,14817,14818,14819,14820,14821,14822,14823,14824
1089,14825,14827,14828,14831,14832,14834,14835,14838,14842,14843,14844,14847,14850,14852,14853,14854,14855,14857,14859,14863,14865,14866,14869,14871,14872,14874,14877,14879,14881,14885
1090,14887,14889,14890,14895,14898,14900
1091,14901,14902,14908,14916
1092,14917
1093,14918
1094,14919,14920,14921,14922
1095,14923,14932,14934,14935,14936,14939,14940,14943,14945
1096,14946,14947,14951,14952,14954,14955,14958,14959,14960,14962,14964,14966,14967,14968
1097,14969,14978,14998,15007,15019,15030
1098,15031,15032,15033,15034,15035,15036,15038,15039,15041,15042,15043
1099,15045,15047
1100,15061
1101,15062
1102,15063,15065
1103,15067,15068,15069,15070,15071,15073,15075,15076,15077,15078,15079,15080,15081,15082,15083,15084,15085,15086,15087,15088,15089
1104,15090,15091,15093,15096,15099,15100,15104,15106,15110,15112
1105,15113,15116,15119,15121,15122,15127,15128,15129,15131,15136,15137,15139,15140,15157,15159,15162,15165,15168,15170
1106,15175,15183,15185,15187
1107,15189,15192,15195,15204
1108,15205
1109,15206
1110,15207
1111,15211,15213,15214,15215,15216,15220,15221,15222,15224,15225,15226
1112,15234,15250,15256
1113,15257,15278,15284
1114,15319,15320,15321,15322,15323,15324,15325,15326,15327,15328,15329,15330,15331,15332
1115,15333,15334,15335,15336,15337,15338,15339,15340,15341,15342,15343,15344,15345,15346,15347,15348
1116,15349
1117,15350
1118,15351,15352,15353,15354
1119,15355,15357,15358,15360,15369,15371,15373,15376,15377
1120,15378,15379,15380,15385,15386,15387,15389,15393,15394,15395,15398
1121,15401,15425
1122,15463,15464,15466,15467,15468,15469,15470,15472,15473,15474,15476
1123,15477,15478,15479,15480,15481,15482,15483,15484,15485,15486,15487,15488,15489,15490,15491,15492
1124,15493
1125,15494
1126,15495
1127,15499,15503,15518,15519
1128,15522,15528,15530
1129,15545,15546,15550,15557,15567,15577
1130,15607,15611,15615,15617,15618
1131,15621,15627,15630,15631,15634
1132,15637
1133,15638
1134,15639,15642
1135,15643,15644,15645,15646,15647,15648,15649,15650,15651,15652,15653,15654,15655,15656,15657,15658,15659,15660,15661,15662,15663,15664,15665
1136,15666,15668,15669,15670,15671,15673,15675,15677,15678,15679,15680,15681,15682,15684,15685
1137,15689,15701,15715,15734,15739,15742,15745,15750
1138,15751,15752,15753,15755,15756,15757,15759,15762,15763,15764
1139,15765,15768,15774,15777
1140,15781
1141,15782
1142,15783,15784,15786
1143,15787,15788,15789,15794,15796,15798,15802,15803,15804
1144,15810,15811,15812,15814,15816,15817,15818,15819,15820,15821,15822,15823,15824,15828,15830,15831
1145,15833,15834,15835,15837,15838,15840,15842,15846,15847,15850,15858,15863,15869,15870,15872,15873,15874,15877,15882,15883,15886,15889,15890,15891
1146,15895,15897,15904,15908
1147,15909,15912,15913,15914,15915,15916,15917,15919,15920,15922
1148,15925
1149,15926
1150,15927,15930
1151,15931,15933,15935,15936,15938,15939,15940,15941,15942,15943,15946,15947,15950,15953
1152,15954,15955,15956,15957,15958,15959,15961,15962,15963,15964,15965,15966,15967,15968,15969,15971,15972,15974,15975,15976
1153,15977,15978,15979,15980,15981,15982,15983,15984,15985,15986,15987,15989,15990,15991,15992,15993,15994,15995,15997,15998,15999,16000,16001,16002,16003,16004,16005,16006,16007,16008,16009,16010,16011,16012,16013,16014,16015,16016,16017,16018,16019,16020,16021,16022,16023,16024,16025,16026,16027,16028,16029,16030,16031,16032,16033,16034,16036,16037
1154,16039,16041,16044,16046,16050
1155,16053,16058,16060,16061,16063,16064,16065,16067,16068
1156,16069
1157,16070
1158,16071,16073
1159,16075,16080,16082,16085,16086,16089,16090,16092,16094,16095
1160,16098,16100,16101,16102,16103,16104,16105,16106,16107,16110,16111,16112,16114,16115,16116,16117,16118,16119
1161,16121,16122,16124,16125,16126,16127,16130,16131,16132,16133,16135,16136,16137,16138,16139,16140,16143,16144,16145,16146,16149,16150,16151,16152,16153,16154,16155,16156,16157,16158,16159,16160,16163,16164,16165,16166,16167,16168,16169,16170,16171,16173,16174,16176,16177,16178,16179,16180,16181,16182
1162,16183,16184,16185,16186,16188,16189,16190,16191,16192,16193,16194,16196
1163,16197,16205,16208
1164,16213
1165,16214
1166,16215,16216,16217,16218
1167,16219,16221,16222,16223,16224,16227,16228,16230,16233,16235,16236,16238,16239,16240,16241
1168,16242,16243,16244,16245,16246,16248,16249,16250,16251,16252,16253,16254,16255,16256,16258,16259,16262,16263
1169,16265,16266,16267,16268,16269,16270,16271,16272,16274,16275,16276,16277,16278,16280,16281,16282,16283,16284,16285,16287,16288,16289,16290,16291,16292,16293,16294,16295,16296,16297,16298,16299,16300,16301,16303,16305,16306,16307,16308,16309,16311,16312,16313,16315,16317,16318,16319,16320,16321,16322,16323,16325,16326
1170,16327,16328,16329,16330,16331,16332,16333,16334,16335,16336,16337,16338,16339,16340
1171,16341,16351,16352
1172,16357
1173,16358
1174,16359,16360
1175,16363,16367,16372,16378,16379,16380,16382,16383
1176,16386,16387,16390,16391,16394,16396,16400,16402,16403,16404,16405,16406
1177,16409,16410,16411,16412,16413,16416,16418,16419,16421,16422,16423,16424,16425,16430,16433,16434,16435,16437,16439,16442,16446,16447,16448,16449,16451,16454,16458,16459,16460,16462,16463,16464,16467,16469,16470
1178,16471,16472,16473,16477,16480,16481,16484
1179,16485,16486,16487,16491,16492,16493,16494,16496,16497,16498,16499
1180,16501
1181,16502
1182,16503,16506
1183,16507,16523
1184,16530,16532,16533,16534,16535,16536,16539,16540,16541,16542,16543,16544,16545,16546,16548,16549,16550,16552
1185,16553,16557,16561,16566,16570,16576,16581,16584,16585,16592,16596,16602,16613
1186,16615,16617,16619,16620,16621,16624,16625,16626,16628
1187,16629,16630,16631,16634,16635,16638,16639,16640,16641,16643
1188,16645
1189,16646
1190,16647,16648,16649
1191,16651,16652,16653,16654,16655,16656,16658,16659,16661,16662,16663,16664,16665,16666,16667,16668,16669,16670,16671,16672
1192,16674,16676,16677,16680,16685
1193,16697,16708,16718,16738,16739,16743,16753,16754,16757
1194,16759,16760,16761,16762,16765,16766,16768,16772
1195,16773,16774,16775,16776,16777,16778,16779,16780,16781,16782,16783,16784,16785,16786,16787,16788
1196,16789
1197,16790
1198,16791,16792,16793,16794
1199,16795,16796,16797,16798,16799,16800,16801,16802,16803,16804,16805,16806,16808,16809,16810,16811,16812,16813,16814,16815,16817
1200,16818,16819,16820,16824,16826,16827,16828,16829,16831,16832,16833,16835,16836,16837,16839,16840
1201,16841,16842,16843,16844,16848,16850,16851,16853,16854,16855,16856,16857,16858,16860,16861,16864,16865,16866,16869,16870,16871,16872,16873,16878,16879,16880,16881,16883,16885,16886,16888,16891,16892,16895,16896,16897,16898,16900,16901
1202,16903,16904,16905,16907,16909,16910,16911,16912,16913,16914,16915,16916
1203,16917,16918,16919,16920,16922,16923,16924,16925,16926,16927,16928,16929,16930,16931,16932
1204,16933
1205,16934
1206,16935,16937,16938
1207,16939,16940,16941,16942,16943,16944,16945,16947,16948,16949,16950,16951,16953,16954,16955,16956,16957,16958,16959,16961
1208,16962,16963,16964,16965,16966,16967,16968,16969,16970,16971,16972,16973,16974,16975,16976,16977,16979,16980,16981,16982,16983,16984
1209,16985,16986,16988,16989,16990,16991,16992,16993,16995,16996,16997,16999,17001,17003,17005,17006,17009,17012,17015,17018,17019,17020,17022,17023,17024,17025,17028,17029,17030,17031,17032,17033,17034,17035,17036,17040,17043
1210,17047,17048,17051,17055,17057
1211,17061,17062,17063,17064,17065,17066,17067,17068,17069,17070,17071,17072,17073,17074,17075,17076
1212,17077
1213,17078
1214,17079,17080
1215,17083,17097
1216,17106,17107,17110,17111,17112,17114,17115,17116,17117,17122,17124,17125,17126,17128
1217,17129,17131,17132,17133,17135,17136,17138,17139,17140,17141,17142,17143,17144,17145,17146,17147,17148,17149,17150,17151,17152,17153,17154,17155,17156,17158,17161,17162,17163,17164,17165,17166,17167,17169,17171,17173,17174,17175,17176,17177,17178,17179,17181,17182,17183,17184,17187,17188,17189,17190
1218,17191,17196,17198,17200
1219,17205,17207,17209,17213,17214,17217,17218,17219,17220
1220,17221
1221,17222
1222,17223,17224,17225,17226
1223,17227,17233,17234,17236,17239,17247
1224,17250,17251,17252,17253,17254,17255,17256,17257,17260,17261,17263,17264,17265,17267,17268,17269,17271,17272
1225,17273,17275,17277,17278,17279,17281,17282,17283,17284,17287,17290,17291,17292,17293,17295,17297,17298,17299,17300,17301,17307,17309,17310,17312,17313,17314,17315,17316,17317,17319,17320,17322,17323,17324,17325,17326,17327,17328,17331,17332,17333,17334
1226,17335,17336,17339,17340,17341,17343,17345,17346,17347,17348
1227,17349,17350,17352,17354,17355,17356,17357,17358,17359,17360,17361,17362,17363,17364
1228,17365
1229,17366
1230,17367,17368
1231,17371,17372,17373,17374,17375,17376,17378,17379,17380,17381,17382,17383,17384,17385,17386,17388,17390,17391,17392,17393
1232,17394,17396,17397,17400,17402,17403,17406,17407,17410
1233,17417,17418,17427,17428,17431,17433,17435,17441,17449,17450,17454,17455,17458,17462,17464,17466,17468,17473,17475,17476
1234,17479,17480,17481,17482,17483,17484,17486,17488,17490,17491,17492
1235,17493,17495,17496,17497,17498,17500,17501,17502,17503,17504,17505,17506,17507,17508
1236,17509
1237,17510
1238,17511,17512,17513,17514
1239,17515,17516,17517,17518,17519,17520,17521,17522,17524,17525,17526,17527,17528,17529,17530,17531,17532,17533,17534,17535,17536,17537
1240,17538,17539,17543,17559
1241,17561,17563,17564,17565,17566,17567,17572,17573,17574,17575,17576,17577,17579,17582,17583,17587,17588,17589,17592,17593,17596,17599,17600,17601,17604,17606,17607,17608,17609,17611,17612,17613,17614,17615,17619,17621,17622
1242,17623,17624,17625,17626,17627,17628,17629,17630,17632,17634,17635,17636
1243,17637,17638,17641,17643,17644,17647,17650,17652
1244,17653
1245,17654
1246,17655,17657
1247,17659,17660,17661,17663,17664,17665,17667,17668,17669,17670,17672,17673,17675,17677,17678,17679,17680,17681
1248,17682,17694
1249,17705,17707,17708,17709,17710,17711,17712,17713,17714,17715,17716,17717,17718,17719,17720,17721,17722,17723,17724,17725,17726,17728,17729,17730,17732,17733,17734,17735,17736,17737,17738,17739,17740,17741,17742,17743,17744,17745,17746,17747,17748,17749,17750,17751,17752,17753,17754,17755,17756,17757,17758,17759,17761,17762,17763,17764,17765,17766
1250,17767,17768,17769,17770,17774,17778
1251,17781,17782,17783,17784,17785,17786,17787,17788,17789,17790,17791,17792,17793,17794,17795,17796
1252,17797
1253,17798
1254,17799,17800
1255,17803,17804,17805,17806,17807,17808,17811,17812,17813,17814,17815,17816,17817,17818,17819,17821,17825
1256,17826,17827,17828,17829,17830,17831,17832,17833,17834,17835,17836,17837,17838,17839,17840,17841,17842,17843,17844,17845,17846,17847,17848
1257,17849,17852,17858,17864,17865,17867,17871,17872,17878,17882,17887,17891,17892,17893,17896,17897,17902,17908,17910
1258,17911,17915,17917,17920,17921,17924
1259,17925,17927,17928,17930,17935,17937
1260,17941
1261,17942
1262,17943,17944,17946
1263,17947,17949,17950,17951,17952,17953,17954,17955,17957,17958,17959,17960,17961,17962,17964,17965,17967,17968,17969
1264,17970,17986
1265,17993,17994,17996,17998,17999,18000,18001,18004,18006,18007,18008,18009,18015,18017,18019,18023,18025,18026,18029,18030,18031,18034,18035,18036,18037,18038,18039,18040,18042,18043,18044,18047,18048,18051,18052,18053,18054
1266,18055,18056,18057,18059,18062,18063,18064,18065,18066,18067
1267,18069,18072,18073,18077,18079,18080,18082,18083,18084
1268,18085
1269,18086
1270,18087,18088,18089,18090
1271,18091,18092,18097,18100,18101,18108,18109,18112
1272,18114,18118,18123,18134,18136
1273,18137,18158,18166,18170,18174,18191,18195
1274,18199,18202,18203,18204,18205,18206,18207,18209,18210,18211,18212
1275,18213,18214,18215,18216,18218,18219,18220,18221,18222,18223,18224,18225,18226,18228
